date,away,home,period,time,challenging,challenge_type,result,link
3/8/20,CHI,BKN,3rd,4:20,BKN,Foul,Unsuccessful,https://dmmx2.nba.com/videourlredirect?&project=/bbops/bbops_CHI_BKN_Brooklyn_Defensive_Foul_Challenge_030820
3/8/20,NOP,MIN,4th,7:39,MIN,Foul,Unsuccessful,https://dmmx2.nba.com/videourlredirect?&project=/bbops/bbops_NOP_MIN_Minnesota_Defensive_Foul_Challenge_030820
3/8/20,LAL,LAC,4th,3:35,LAL,Foul,Unsuccessful,https://dmmx2.nba.com/videourlredirect?&project=/bbops/bbops_LAL_LAC_LA_Lakers_Defensive_Foul_Challenge_030820
3/8/20,OKC,BOS,4th,5:25,BOS,Foul,Successful,https://dmmx2.nba.com/videourlredirect?&project=/bbops/bbops_OKC_BOS_Boston_Defensive_Foul_Challenge_030820
3/8/20,MIL,PHX,4th,2:46,MIL,Foul,Successful,https://dmmx2.nba.com/videourlredirect?&project=/bbops/bbops_MIL_PHX_Milwaukee_Defensive_Foul_Challenge_030820
3/8/20,MIA,WAS,2nd,8:19,MIA,Foul,Successful,https://dmmx2.nba.com/videourlredirect?&project=/bbops/bbops_MIA_WAS_Miami_Defensive_Foul_Challenge_030820
3/8/20,MIA,WAS,4th,6:59,WAS,Foul,Unsuccessful,https://dmmx2.nba.com/videourlredirect?&project=/bbops/bbops_MIA_WAS_Washington_Defensive_Foul_Challenge_030820
3/8/20,SAS,CLE,1st,3:38,CLE,Foul,Successful,https://dmmx2.nba.com/videourlredirect?&project=/bbops/bbops_SAS_CLE_Cleveland_Defensive_Foul_Challenge_030820
3/8/20,TOR,SAC,3rd,5:15,TOR,Foul,Unsuccessful,https://dmmx2.nba.com/videourlredirect?&project=/bbops/bbops_TOR_SAC_Toronto_Offensive_Foul_Challenge_030820
3/7/20,DEN,CLE,4th,5:32,CLE,Foul,Unsuccessful,https://dmmx2.nba.com/videourlredirect?&project=/bbops/bbops_DEN_CLE_Cleveland_Defensive_Foul_Challenge_030720
3/6/20,SAS,BKN,1st,1:57,BKN,Foul,Successful,https://dmmx2.nba.com/videourlredirect?&project=/bbops/bbops_SAS_BKN_Brooklyn_Defensive_Foul_Challenge_030620
3/6/20,UTA,BOS,2nd,10:43,UTA,Foul,Unsuccessful,https://dmmx2.nba.com/videourlredirect?&project=/bbops/bbops_UTA_BOS_Utah_Offensive_Foul_Challenge_030620
3/6/20,UTA,BOS,3rd,1:36,BOS,GT,Successful,https://dmmx2.nba.com/videourlredirect?&project=/bbops/bbops_UTA_BOS_Boston_Goaltending_Challenge_030620
3/6/20,MIA,NOP,2nd,1:50,NOP,Foul,Successful,https://dmmx2.nba.com/videourlredirect?&project=/bbops/bbops_MIA_NOP_New_Orleans_Defensive_Foul_Challenge_030620
3/6/20,POR,PHX,2nd,3:00,PHX,Foul,Unsuccessful,https://dmmx2.nba.com/videourlredirect?&project=/bbops/bbops_POR_PHX_Phoenix_Offensive_Foul_Challenge_030620
3/6/20,POR,PHX,4th,6:47,POR,Foul,Unsuccessful,https://dmmx2.nba.com/videourlredirect?&project=/bbops/bbops_POR_PHX_Portland_Defensive_Foul_Challenge_030620
3/5/20,DEN,CHA,2nd,:57,DEN,Foul,Unsuccessful,https://dmmx2.nba.com/videourlredirect?&project=/bbops/bbops_DEN_CHA_Denver_Loose_Ball_Foul_Challenge_030520
3/5/20,DEN,CHA,4th,4:33,CHA,Foul,Unsuccessful,https://dmmx2.nba.com/videourlredirect?&project=/bbops/bbops_DEN_CHA_Charlotte_Defensive_Foul_Challenge_030520
3/5/20,LAC,HOU,4th,9:55,LAC,Foul,Unsuccessful,https://dmmx2.nba.com/videourlredirect?&project=/bbops/bbops_LAC_HOU_LA_Clippers_Defensive_Foul_Challenge_030520
3/5/20,TOR,GSW,2nd,4:46,GSW,Foul,Successful,https://dmmx2.nba.com/videourlredirect?&project=/bbops/bbops_TOR_GSW_Golden_State_Defensive_Foul_Challenge_030520
3/4/20,ORL,MIA,2nd,2:51,ORL,Foul,Successful,https://dmmx2.nba.com/videourlredirect?&project=/bbops/bbops_ORL_MIA_Orlando_Defensive_Foul_Challenge_030420
3/4/20,UTA,NYK,3rd,7:14,NYK,Foul,Unsuccessful,https://dmmx2.nba.com/videourlredirect?&project=/bbops/bbops_UTA_NYK_New_York_Defensive_Foul_Challenge_030420
3/4/20,WAS,POR,2nd,9:50,WAS,Foul,Successful,https://dmmx2.nba.com/videourlredirect?&project=/bbops/bbops_WAS_POR_Washington_Offensive_Foul_Challenge_030420
3/3/20,SAS,CHA,3rd,1:37,CHA,Foul,Unsuccessful,https://dmmx2.nba.com/videourlredirect?&project=/bbops/bbops_SAS_CHA_Charlotte_Defensive_Foul_Challenge_030320
3/3/20,SAS,CHA,4th,9:09,SAS,Foul,Unsuccessful,https://dmmx2.nba.com/videourlredirect?&project=/bbops/bbops_SAS_CHA_San_Antonio_Offensive_Foul_Challenge_030320
3/3/20,LAC,OKC,4th,10:22,OKC,OB,Successful,https://dmmx2.nba.com/videourlredirect?&project=/bbops/bbops_LAC_OKC_Oklahoma_City_OB_Challenge_030320
3/3/20,LAC,OKC,4th,5:42,LAC,Foul,Successful,https://dmmx2.nba.com/videourlredirect?&project=/bbops/bbops_LAC_OKC_LA_Clippers_Defensive_Foul_Challenge_030320
3/3/20,GSW,DEN,4th,3:46,GSW,Foul,Successful,https://dmmx2.nba.com/videourlredirect?&project=/bbops/bbops_GSW_DEN_Golden_State_Offensive_Foul_Challenge_030320
3/3/20,TOR,PHX,4th,3:34,TOR,Foul,Unsuccessful,https://dmmx2.nba.com/videourlredirect?&project=/bbops/bbops_TOR_PHX_Toronto_Offensive_Foul_Challenge_030320
3/2/20,UTA,CLE,1st,10:37,CLE,Foul,Unsuccessful,https://dmmx2.nba.com/videourlredirect?&project=/bbops/bbops_UTA_CLE_Cleveland_Defensive_Foul_Challenge_030220
3/2/20,HOU,NYK,4th,2:45,HOU,Foul,Successful,https://dmmx2.nba.com/videourlredirect?&project=/bbops/bbops_HOU_NYK_Houston_Defensive_Foul_Challenge_030220
3/2/20,DAL,CHI,3rd,11:06,CHI,Foul,Successful,https://dmmx2.nba.com/videourlredirect?&project=/bbops/bbops_DAL_CHI_Chicago_Offensive_Foul_Challenge_030220
3/2/20,IND,SAS,3rd,7:35,IND,GT,Successful,https://dmmx2.nba.com/videourlredirect?&project=/bbops/bbops_IND_SAS_Indiana_Goaltending_Challenge_030220
3/1/20,MIL,CHA,4th,4:27,CHA,Foul,Unsuccessful,https://dmmx2.nba.com/videourlredirect?&project=/bbops/bbops_MIL_CHA_Charlotte_Defensive_Foul_Challenge_030120
3/1/20,PHI,PAC,4th,5:36,LAC,OB,Unsuccessful,https://dmmx2.nba.com/videourlredirect?&project=/bbops/bbops_PHI_LAC_LA_Clippers_OB_Challenge_030120
3/1/20,TOR,DEN,3rd,8:39,DEN,Foul,Unsuccessful,https://dmmx2.nba.com/videourlredirect?&project=/bbops/bbops_TOR_DEN_Denver_Defensive_Foul_Challenge_030120
3/1/20,TOR,DEN,3rd,7:01,TOR,Foul,Unsuccessful,https://dmmx2.nba.com/videourlredirect?&project=/bbops/bbops_TOR_DEN_Toronto_Offensive_Foul_Challenge_030120
3/1/20,WAS,GSW,4th,5:29,GSW,BI,Successful,https://dmmx2.nba.com/videourlredirect?&project=/bbops/bbops_WAS_GSW_Golden_State_Basket_Interference_Challenge_030120
2/29/20,HOU,BOS,OT1,1:27,HOU,Foul,Unsuccessful,https://dmmx2.nba.com/videourlredirect?&project=/bbops/bbops_HOU_BOS_Houston_Defensive_Foul_Challenge_022920
2/29/20,ORL,SAS,4th,3:05,ORL,Foul,Successful,https://dmmx2.nba.com/videourlredirect?&project=/bbops/bbops_ORL_SAS_Orlando_Defensive_Foul_Challenge_022920
2/29/20,IND,CLE,4th,4:48,IND,Foul,Unsuccessful,https://dmmx2.nba.com/videourlredirect?&project=/bbops/bbops_IND_CLE_Indiana_Offensive_Foul_Challenge_022920
2/29/20,GSW,PHX,4th,7:35,PHX,Foul,Unsuccessful,https://dmmx2.nba.com/videourlredirect?&project=/bbops/bbops_GSW_PHX_Pheonix_Defensive_Foul_Challenge_022920
2/28/20,MIN,ORL,3rd,7:19,ORL,Foul,Successful,https://dmmx2.nba.com/videourlredirect?&project=/bbops/bbops_MIN_ORL_Orlando_Offensive_Foul_Challenge_022820
2/28/20,CHA,TOR,4th,3:20,TOR,Foul,Unsuccessful,https://dmmx2.nba.com/videourlredirect?&project=/bbops/bbops_CHA_TOR_Toronto_Defensive_Foul_Challenge_022820
2/28/20,DET,PHX,2nd,2:51,PHI,BI,Unsuccessful,https://dmmx2.nba.com/videourlredirect?&project=/bbops/bbops_DET_PHX_Phoenix_Basket_Interference_Challenge_022820
2/28/20,WAS,UTA,3rd,3:49,UTA,Foul,Unsuccessful,https://dmmx2.nba.com/videourlredirect?&project=/bbops/bbops_WAS_UTA_Utah_Defensive_Foul_Challenge_022820
2/27/20,SAC,OKC,4th,:45,SAC,Foul,Unsuccessful,https://dmmx2.nba.com/videourlredirect?&project=/bbops/bbops_SAC_OKC_Sacramento_Loose_Ball_Foul_Challenge_022720
2/27/20,POR,IND,2nd,10:36,IND,Foul,Unsuccessful,https://dmmx2.nba.com/videourlredirect?&project=/bbops/bbops_POR_IND_Indiana_Offensive_Foul_Challenge_022720
2/26/20,NYK,CHA,2nd,4:17,CHA,Foul,Successful,https://dmmx2.nba.com/videourlredirect?&project=/bbops/bbops_NYK_CHA_Charlotte_Defensive_Foul_Challenge_022620
2/26/20,PHI,CLE,4th,6:56,CLE,Foul,Unsuccessful,https://dmmx2.nba.com/videourlredirect?&project=/bbops/bbops_PHI_CLE_Cleveland_Defensive_Foul_Challenge_022620
2/26/20,BKN,WAS,2nd,8:43,BKN,Foul,Successful,https://dmmx2.nba.com/videourlredirect?&project=/bbops/bbops_BKN_WAS_Brooklyn_Offenssive_Foul_Challenge_022620
2/26/20,ORL,ATL,4th,7:08,ORL,Foul,Successful,https://dmmx2.nba.com/videourlredirect?&project=/bbops/bbops_ORL_ATL_Orlando_Defensive_Foul_Challenge_022620
2/26/20,MIN,MIA,4th,:28,MIN,Foul,Successful,https://dmmx2.nba.com/videourlredirect?&project=/bbops/bbops_MIN_MIA_Minnesota_Defensive_Foul_Challenge_022620
2/26/20,DAL,SAS,4th,2:06,DAL,Foul,Successful,https://dmmx2.nba.com/videourlredirect?&project=/bbops/bbops_DAL_SAS_Dallas_Defensive_Foul_Challenge_022620
2/26/20,MEM,HOU,1st,8:45,HOU,Foul,Unsuccessful,https://dmmx2.nba.com/videourlredirect?&project=/bbops/bbops_MEM_HOU_Houston_Offensive_Foul_Challenge_022620
2/26/20,LAC,PHX,3rd,6:43,PHX,Foul,Successful,https://dmmx2.nba.com/videourlredirect?&project=/bbops/bbops_LAC_PHX_Phoenix_Defensive_Foul_Challenge_022620
2/25/20,MIL,TOR,3rd,1:13,TOR,Foul,Unsuccessful,https://dmmx2.nba.com/videourlredirect?&project=/bbops/bbops_MIL_TOR_Toronto_Defensive_Foul_Challenge_022520
2/25/20,DET,DEN,1st,6:22,DEN,Foul,Successful,https://dmmx2.nba.com/videourlredirect?&project=/bbops/bbops_DET_DEN_Denver_Offensive_Foul_Challenge_022520
2/25/20,DET,DEN,2nd,3:57,DET,Foul,Unsuccessful,https://dmmx2.nba.com/videourlredirect?&project=/bbops/bbops_DET_DEN_Detroit_Offensive_Foul_Challenge_022520
2/25/20,SAC,GSW,4th,3:34,SAC,Foul,Successful,https://dmmx2.nba.com/videourlredirect?&project=/bbops/bbops_SAC_GSW_Sacramento_Defensive_Foul_Challenge_022520
2/25/20,SAC,GSW,4th,2:19,GSW,Foul,Unsuccessful,https://dmmx2.nba.com/videourlredirect?&project=/bbops/bbops_SAC_GSW_Golden_State_Defensive_Foul_Challenge_022520
2/24/20,MIL,WAS,3rd,9:17,MIL,Foul,Unsuccessful,https://dmmx2.nba.com/videourlredirect?&project=/bbops/bbops_MIL_WAS_Milwaukee_Defensive_Foul_Challenge_022420
2/24/20,MIL,WAS,3rd,5:11,WAS,Foul,Unsuccessful,https://dmmx2.nba.com/videourlredirect?&project=/bbops/bbops_MIL_WAS_Washington_Offensive_Foul_Challenge_022420
2/24/20,MIA,CLE,3rd,9:48,CLE,Foul,Unsuccessful,https://dmmx2.nba.com/videourlredirect?&project=/bbops/bbops_MIA_CLE_Cleveland_Defensive_Foul_Challenge_022420
2/23/20,IND,TOR,3rd,3:33,TOR,Foul,Successful,https://dmmx2.nba.com/videourlredirect?&project=/bbops/bbops_IND_TOR_Toronto_Offensive_Foul_Challenge_022320
2/23/20,MIN,DEN,2nd,6:54,MIN,Foul,Unsuccessful,https://dmmx2.nba.com/videourlredirect?&project=/bbops/bbops_MIN_DEN_Minnesota_Defensive_Foul_Challenge_022320
2/23/20,BOS,LAL,4th,:37,BOS,Foul,Unsuccessful,https://dmmx2.nba.com/videourlredirect?&project=/bbops/bbops_BOS_LAL_Boston_Defensive_Foul_Challenge_022320
2/22/20,CLE,MIA,2nd,6:07,CLE,Foul,Successful,https://dmmx2.nba.com/videourlredirect?&project=/bbops/bbops_CLE_MIA_Cleveland_Defensive_Foul_Challenge_022220
2/22/20,BKN,CHA,4th,5:05,CHA,Foul,Unsuccessful,https://dmmx2.nba.com/videourlredirect?&project=/bbops/bbops_BKN_CHA_Charlotte_Defensive_Foul_Challenge_022220
2/21/20,CLE,WAS,2nd,4:11,CLE,Foul,Successful,https://dmmx2.nba.com/videourlredirect?&project=/bbops/bbops_CLE_WAS_Cleveland_Defensive_Foul_Challenge_022120
2/21/20,IND,NYK,1st,2:38,IND,Foul,Successful,https://dmmx2.nba.com/videourlredirect?&project=/bbops/bbops_IND_NYK_Indiana_Offensive_Foul_Challenge_022120
2/21/20,IND,NYK,4th,9:33,NYK,Foul,Unsuccessful,https://dmmx2.nba.com/videourlredirect?&project=/bbops/bbops_IND_NYK_New_York_Defensive_Foul_Challenge_022120
2/21/20,PHX,TOR,4th,5:13,TOR,Foul,Unsuccessful,https://dmmx2.nba.com/videourlredirect?&project=/bbops/bbops_PHX_TOR_Toronto_Offensive_Foul_Challenge_022120
2/21/20,DEN,UTA,4th,7:26,OKC,OB,Successful,https://dmmx2.nba.com/videourlredirect?&project=/bbops/bbops_DEN_UTA_Oklahoma_City_Out_of_Bounds_Challenge_022120
2/20/20,MIA,ATL,3rd,4:05,MIA,Foul,Unsuccessful,https://dmmx2.nba.com/videourlredirect?&project=/bbops/bbops_MIA_ATL_Miami_Offensive_Foul_Challenge_022020
2/20/20,MIA,ATL,3rd,:07,ATL,Foul,Unsuccessful,https://dmmx2.nba.com/videourlredirect?&project=/bbops/bbops_MIA_ATL_Atlanta_Defensive_Foul_Challenge_022020
2/20/20,MIL,DET,3rd,5:56,DET,Foul,Unsuccessful,https://dmmx2.nba.com/videourlredirect?&project=/bbops/bbops_MIL_DET_Detroit_Defensive_Foul_Challenge_022020
2/20/20,CHA,CHI,4th,:40,CHI,Foul,Unsuccessful,https://dmmx2.nba.com/videourlredirect?&project=/bbops/bbops_CHA_CHI_Chicago_Defensive_Foul_Challenge_022020
2/20/20,BKN,PHI,4th,4:14,PHI,Foul,Unsuccessful,https://dmmx2.nba.com/videourlredirect?&project=/bbops/bbops_BKN_PHI_Philadelphia_Defensive_Foul_Challenge_022020
2/20/20,MEM,SAC,4th,1:40,SAC,Foul,Successful,https://dmmx2.nba.com/videourlredirect?&project=/bbops/bbops_MEM_SAC_Sacramento_Defensive_Foul_Challenge_022020
2/20/20,HOU,GSW,3rd,3:04,HOU,OB,Successful,https://dmmx2.nba.com/videourlredirect?&project=/bbops/bbops_HOU_GSW_Houston_Out_Bounds_Challenge_022020
2/20/20,HOU,GSW,3rd,6:28,GSW,Foul,Unsuccessful,https://dmmx2.nba.com/videourlredirect?&project=/bbops/bbops_HOU_GSW_Golden_State_Defensive_Foul_Challenge_022020
2/13/20,LAC,BOS,4th,:10,LAC,Foul,Unsuccessful,https://dmmx2.nba.com/videourlredirect?&project=/bbops/bbops_LAC_BOS_LA_Clippers_Offensive_Foul_Challenge_021320
2/12/20,ATL,CLE,1st,7:08,ATL,Foul,Successful,https://dmmx2.nba.com/videourlredirect?&project=/bbops/bbops_ATL_CLE_Atlanta_Defensive_Foul_Challenge_021220
2/12/20,TOR,BKN,1st,4:54,TOR,OB,Unsuccessful,https://dmmx2.nba.com/videourlredirect?&project=/bbops/bbops_TOR_BKN_Brooklyn_Out_of_Bounds_Challenge_021220
2/12/20,TOR,BKN,3rd,2:28,BKN,Foul,Unsuccessful,https://dmmx2.nba.com/videourlredirect?&project=/bbops/bbops_TOR_BKN_Toronto_Defensive_Foul_Challenge_021220
2/12/20,WAS,NYK,4th,10:04,NYK,Foul,Unsuccessful,https://dmmx2.nba.com/videourlredirect?&project=/bbops/bbops_WAS_NYK_New_York_Defensive_Foul_Challenge_021220
2/12/20,CHA,MIN,2nd,3:16,MIN,Foul,Successful,https://dmmx2.nba.com/videourlredirect?&project=/bbops/bbops_CHA_MIN_Minnesota_Defensive_Foul_Challenge_021220
2/12/20,POR,MEM,4th,5:24,POR,BI,Successful,https://dmmx2.nba.com/videourlredirect?&project=/bbops/bbops_POR_MEM_Portland_Basket_Interference_Challenge_021220
2/12/20,SAC,DAL,4th,1:27,DAL,Foul,Unsuccessful,https://dmmx2.nba.com/videourlredirect?&project=/bbops/bbops_SAC_DAL_Dallas_Loose_Ball_Foul_Challenge_021220
2/12/20,MIA,UTA,2nd,5:32,UTA,Foul,Unsuccessful,https://dmmx2.nba.com/videourlredirect?&project=/bbops/bbops_MIA_UTA_Utah_Defensive_Foul_Challenge_021220
2/12/20,LAL,DEN,4th,10:05,DEN,Foul,Unsuccessful,https://dmmx2.nba.com/videourlredirect?&project=/bbops/bbops_LAL_DEN_Denver_Defensive_Foul_Challenge_021220
2/11/20,LAC,PHI,4th,2:37,LAC,Foul,Unsuccessful,https://dmmx2.nba.com/videourlredirect?&project=/bbops/bbops_LAC_PHI_LA_Clippers_Offensive_Foul_Challenge_021120
2/11/20,BOS,HOU,3rd,:30,HOU,Foul,Successful,https://dmmx2.nba.com/videourlredirect?&project=/bbops/bbops_BOS_HOU_Houston_Double_Foul_Challenge_021120
2/10/20,BKN,IND,1st,6:52,BKN,OB,Successful,https://dmmx2.nba.com/videourlredirect?&project=/bbops/bbops_BKN_IND_Brooklyn_Out_of_Bounds_Challenge_021020
2/10/20,BKN,IND,4th,5:55,IND,Foul,Unsuccessful,https://dmmx2.nba.com/videourlredirect?&project=/bbops/bbops_BKN_IND_Indiana_Defensive_Foul_Challenge_021020
2/10/20,MIN,TOR,4th,8:21,TOR,Foul,Successful,https://dmmx2.nba.com/videourlredirect?&project=/bbops/bbops_MIN_TOR_Toronto_Defensive_Foul_Challenge021020
2/10/20,SAC,MIL,4th,1:11,SAC,Foul,Unsuccessful,https://dmmx2.nba.com/videourlredirect?&project=/bbops/bbops_SAC_MIL_Sacramento_Defensive_Foul_Challenge_021020
2/10/20,MIA,GSW,4th,3:44,MIA,Foul,Unsuccessful,https://dmmx2.nba.com/videourlredirect?&project=/bbops/bbops_MIA_GSW_Miami_Defensive_Foul_Challenge_021020
2/10/20,PHX,LAL,4th,6:12,PHX,Foul,Unsuccessful,https://dmmx2.nba.com/videourlredirect?&project=/bbops/bbops_PHX_LAL_Phoenix_Defensive_Foul_Challenge_021020
2/9/20,BOS,OKC,4th,6:46,BOS,Foul,Unsuccessful,https://dmmx2.nba.com/videourlredirect?&project=/bbops/bbops_BOS_OKC_Boston_Defensive_Foul_Challenge_020920
2/9/20,CHI,PHI,2nd,2:00,PHI,OB,Successful,https://dmmx2.nba.com/videourlredirect?&project=/bbops/bbops_CHI_PHI_Philadelphia_OB_Challenge_020920
2/9/20,UTA,HOU,2nd,10:59,HOU,Foul,Unsuccessful,https://dmmx2.nba.com/videourlredirect?&project=/bbops/bbops_UTA_HOU_Houston_Defensive_Foul_Challenge_020920
2/9/20,MIA,POR,3rd,0.9,POR,Foul,Successful,https://dmmx2.nba.com/videourlredirect?&project=/bbops/bbops_MIA_POR_Portland_Defensive_Foul_Challenge_020920
2/9/20,MIA,POR,4th,:56,MIA,Foul,Successful,https://dmmx2.nba.com/videourlredirect?&project=/bbops/bbops_MIA_POR_Miami_Defensive_Foul_Challenge_020920
2/8/20,DAL,CHA,4th,7:56,DAL,Foul,Successful,https://dmmx2.nba.com/videourlredirect?&project=/bbops/bbops_DAL_CHA_Dallas_Defensive_Foul_Challenge_020820
2/8/20,BKN,TOR,4th,:22,BKN,Foul,Unsuccessful,https://dmmx2.nba.com/videourlredirect?&project=/bbops/bbops_BKN_TOR_Brooklyn_Defensive_Foul_Challenge_020820
2/8/20,MIL,ORL,4th,8:11,ORL,Foul,Unsuccessful,https://dmmx2.nba.com/videourlredirect?&project=/bbops/bbops_MIL_ORL_Orlando_Defensive_Foul_Challenge_020820
2/8/20,DEN,PHX,4th,3:50,DEN,Foul,Unsuccessful,https://dmmx2.nba.com/videourlredirect?&project=/bbops/bbops_DEN_PHX_Denver_Defensive_Foul_Challenge_020820
2/8/20,LAL,GSW,4th,6:20,LAL,Foul,Successful,https://dmmx2.nba.com/videourlredirect?&project=/bbops/bbops_LAL_GSW_Golden_State_Defensive_Foul_Challenge_020820
2/7/20,ATL,BOS,2nd,:53,BOS,Foul,Unsuccessful,https://dmmx2.nba.com/videourlredirect?&project=/bbops/bbops_ATL_BOS_Boston_Defensive_Foul_Challenge_020720
2/7/20,TOR,IND,4th,11:15,TOR,OB,Successful,https://dmmx2.nba.com/videourlredirect?&project=/bbops/bbops_TOR_IND_Toronto_OB_Challenge_020720
2/7/20,TOR,IND,4th,5:27,IND,Foul,Unsuccessful,https://dmmx2.nba.com/videourlredirect?&project=/bbops/bbops_TOR_IND_Indiana_Defensive_Foul_Challenge_020720
2/7/20,DET,OKC,4th,4:14,OKC,Foul,Unsuccessful,https://dmmx2.nba.com/videourlredirect?&project=/bbops/bbops_DET_OKC_Oklahoma_City_Defensive_Foul_Challenge_020720
2/7/20,MIA,SAC,3rd,1:21,SAC,Foul,Unsuccessful,https://dmmx2.nba.com/videourlredirect?&project=/bbops/bbops_MIA_SAC_Sacramento_Offensive_Foul_Challenge_020720
2/7/20,MIA,SAC,4th,3:53,MIA,Foul,Unsuccessful,https://dmmx2.nba.com/videourlredirect?&project=/bbops/bbops_MIA_SAC_Miami_Defensive_Foul_Challenge_020720
2/6/20,HOU,LAL,3rd,1:41,HOU,Foul,Unsuccessful,https://dmmx2.nba.com/videourlredirect?&project=/bbops/bbops_HOU_LAL_Houston_Defensive_Foul_Challenge_020620
2/6/20,HOU,LAL,4th,3:20,LAL,Foul,Unsuccessful,https://dmmx2.nba.com/videourlredirect?&project=/bbops/bbops_HOU_LAL_LA_Lakers_Defensive_Foul_Challenge_020620
2/5/20,PHX,DET,4th,1:22,PHX,Foul,Successful,https://dmmx2.nba.com/videourlredirect?&project=/bbops/bbops_PHX_DET_Phoenix_Defensive_Foul_Challenge_020520
2/5/20,IND,TOR,3rd,3:24,TOR,OB,Unsuccessful,https://dmmx2.nba.com/videourlredirect?&project=/bbops/bbops_IND_TOR_Toronto_Out_of_Bounds_Challenge_020520
2/5/20,ATL,MIN,3rd,:34,ATL,Foul,Unsuccessful,https://dmmx2.nba.com/videourlredirect?&project=/bbops/bbops_ATL_MIN_Atlanta_Offensive_Foul_Challenge_020520
2/5/20,CLE,OKC,4th,3:42,OKC,Foul,Successful,https://dmmx2.nba.com/videourlredirect?&project=/bbops/bbops_CLE_OKC_Oklahoma_City_Offensive_Foul_Challenge_020520
2/5/20,DEN,UTA,4th,1:40,UTA,Foul,Unsuccessful,https://dmmx2.nba.com/videourlredirect?&project=/bbops/bbops_DEN_UTA_Utah_Offensive_Foul_Challenge_020520
2/4/20,CHA,HOU,4th,5:13,HOU,Foul,Unsuccessful,https://dmmx2.nba.com/videourlredirect?&project=/bbops/bbops_CHA_HOU_Houston_Defensive_Foul_Challenge_020420
2/3/20,DAL,IND,4th,3:31,IND,Foul,Successful,https://dmmx2.nba.com/videourlredirect?&project=/bbops/bbops_DAL_IND_Indiana_Defensive_Foul_Challenge_020320
2/3/20,BOS,ATL,3rd,3:40,ATL,Foul,Unsuccessful,https://dmmx2.nba.com/videourlredirect?&project=/bbops/bbops_BOS_ATL_Boston_Offensive_Foul_Challenge_020320
2/3/20,PHX,BKN,3rd,6:52,PHX,Foul,Unsuccessful,https://dmmx2.nba.com/videourlredirect?&project=/bbops/bbops_PHX_BKN_Phoenix_Defensive_Foul_Challenge_020320
2/3/20,PHX,BKN,3rd,:14.8,BKN,OB,Successful,https://dmmx2.nba.com/videourlredirect?&project=/bbops/bbops_PHX_BKN_Brooklyn_OB_Challenge_020320
2/3/20,MIN,SAC,4th,1:09,MIN,Foul,Unsuccessful,https://dmmx2.nba.com/videourlredirect?&project=/bbops/bbops_MIN_SAC_Minnesota_Defensive_Foul_Challenge_020320
2/3/20,SAS,LAC,4th,7:10,SAS,Foul,Successful,https://dmmx2.nba.com/videourlredirect?&project=/bbops/bbops_SAS_LAC_San_Antonio_Defensive_Foul_Challenge_020320
2/2/20,CHI,TOR,4th,7:15,TOR,Foul,Successful,https://dmmx2.nba.com/videourlredirect?&project=/bbops/bbops_CHI_TOR_Toronto_Offensive_Foul_Challenge_020220
2/2/20,DEN,DET,3rd,5:47,DET,Foul,Successful,https://dmmx2.nba.com/videourlredirect?&project=/bbops/bbops_DEN_DET_Detroit_Defensive_Foul_Challenge_020220
2/1/20,MIN,LAC,2nd,11:26,MIN,Foul,Unsuccessful,https://dmmx2.nba.com/videourlredirect?&project=/bbops/bbops_MIN_LAC_Minnesota_Offensive_Foul_Challenge_020120
2/1/20,MIA,ORL,1st,3:32,ORL,Foul,Unsuccessful,https://dmmx2.nba.com/videourlredirect?&project=/bbops/bbops_MIA_ORL_Orlando_Defensive_Foul_Challenge_020120
2/1/20,LAL,SAC,3rd,6:15,LAL,OB,Successful,https://dmmx2.nba.com/videourlredirect?&project=/bbops/bbops_LAL_SAC_LA_Lakers_Out_Of_Bounds_Challenge_020120
2/1/20,UTA,POR,3rd,:31,UTA,OB,Successful,https://dmmx2.nba.com/videourlredirect?&project=/bbops/bbops_UTA_POR_Utah_Out_Of_Bounds_Challenge_020120
1/31/20,DAL,HOU,3rd,5:43,HOU,Foul,Unsuccessful,https://dmmx2.nba.com/videourlredirect?&project=/bbops/bbops_DAL_HOU_Houston_Defensive_Foul_Challenge_013020
1/31/20,OKC,PHX,3rd,7:39,OKC,OB,Successful,https://dmmx2.nba.com/videourlredirect?&project=/bbops/bbops_OKC_PHX_Oklahoma_City_OB_Challenge_013120
1/31/20,OKC,PHX,4th,2:57,PHX,Foul,Unsuccessful,https://dmmx2.nba.com/videourlredirect?&project=/bbops/bbops_OKC_PHX_Phoenix_Loose_Ball_Foul_Challenge_013120
1/31/20,POR,LAL,3rd,1:20,POR,Foul,Unsuccessful,https://dmmx2.nba.com/videourlredirect?&project=/bbops/bbops_POR_LAL_Portland_Defensive_Foul_Challenge_013120
1/30/20,TOR,CLE,4th,1:28,TOR,Foul,Unsuccessful,https://dmmx2.nba.com/videourlredirect?&project=/bbops/bbops_CLE_TOR_Toronto_Offensive_Foul_Challenge_013020
1/30/20,GSW,BOS,3rd,6:28,BOS,Foul,Unsuccessful,https://dmmx2.nba.com/videourlredirect?&project=/bbops/bbops_GSW_BOS_Boston_Defensive_Foul_Challenge_013020
1/30/20,UTA,DEN,4th,1:55,DEN,Foul,Unsuccessful,https://dmmx2.nba.com/videourlredirect?&project=/bbops/bbops_UTA_DEN_Denver_Defensive_Foul_Challenge_013020
1/30/20,SAC,LAC,4th,6:09,LAC,Foul,Successful,https://dmmx2.nba.com/videourlredirect?&project=/bbops/bbops_SAC_LAC_LA_Clippers_Defensive_Foul_Challenge_013020
1/29/20,DET,BKN,1st,9:36,BKN,OB,Successful,https://dmmx2.nba.com/videourlredirect?&project=/bbops/bbops_DET_BKN_Brooklyn_Out_of_Bounds_Challenge_012920
1/29/20,MEM,NYK,3rd,7:54,NYK,OB,Unsuccessful,https://dmmx2.nba.com/videourlredirect?&project=/bbops/bbops_MEM_NYK_New_York_Out_of_Bounds_Challenge_012930
1/29/20,CHI,IND,3rd,:44,CHI,Foul,Unsuccessful,https://dmmx2.nba.com/videourlredirect?&project=/bbops/bbops_CHI_IND_Chicago_Defensive_Foul_Challenge_012920
1/29/20,HOU,POR,2nd,3:22,POR,Foul,Successful,https://dmmx2.nba.com/videourlredirect?&project=/bbops/bbops_HOU_POR_Portland_Defensive_Foul_Challenge_012920
1/29/20,HOU,POR,4th,2:48,HOU,Foul,Unsuccessful,https://dmmx2.nba.com/videourlredirect?&project=/bbops/bbops_HOU_POR_Houston_Defensive_Foul_Challenge_012920
1/28/20,NYK,CHA,4th,1:56,CHA,Foul,Successful,https://dmmx2.nba.com/videourlredirect?&project=/bbops/bbops_NYK_CHA_Charlotte_Defensive_Foul_Challenge_012820
1/28/20,GSW,PHI,3rd,7:31,GSW,Foul,Unsuccessful,https://dmmx2.nba.com/videourlredirect?&project=/bbops/bbops_GSW_PHI_Golden_State_Defensive_Foul_Challenge_012820
1/28/20,ATL,TOR,3rd,3:15,TOR,Foul,Unsuccessful,https://dmmx2.nba.com/videourlredirect?&project=/bbops/bbops_ATL_TOR_Toronto_Defensive_Foul_Challenge_012820
1/28/20,BOS,MIA,4th,7:18,BOS,Foul,Unsuccessful,https://dmmx2.nba.com/videourlredirect?&project=/bbops/bbops_BOS_MIA_Boston_Defensive_Foul_Challenge_012820
1/28/20,PHX,DAL,2nd,:59,DAL,Foul,Unsuccessful,https://dmmx2.nba.com/videourlredirect?&project=/bbops/bbops_PHX_DAL_Dallas_Offensive_Foul_Challenge_012820
1/27/20,DAL,OKC,2nd,5:56,OKC,Foul,Unsuccessful,https://dmmx2.nba.com/videourlredirect?&project=/bbops/bbops_DAL_OKC_Oklahoma_City_Offensive_Foul_Challenge_012720
1/27/20,DAL,OKC,4th,1:21,DAL,Foul,Successful,https://dmmx2.nba.com/videourlredirect?&project=/bbops/bbops_DAL_OKC_Dallas_Offensive_Foul_Challenge_012720
1/27/20,SAC,MIN,3rd,5:31,SAC,Foul,Successful,https://dmmx2.nba.com/videourlredirect?&project=/bbops/bbops_SAC_MIN_Sacramento_Offensive_Foul_Challenge_012720
1/27/20,SAC,MIN,OT1,:07.4,MIN,Foul,Unsuccessful,https://dmmx2.nba.com/videourlredirect?&project=/bbops/bbops_SAC_MIN_Minnesota_Defensive_Foul_Challenge_012720
1/27/20,HOU,UTA,1st,4:19,HOU,Foul,Successful,https://dmmx2.nba.com/videourlredirect?&project=/bbops/bbops_HOU_UTA_Houston_Defensive_Foul_Challenge_012720
1/26/20,LAC,ORL,3rd,8:09,ORL,Foul,Successful,https://dmmx2.nba.com/videourlredirect?&project=/bbops/bbops_LAC_ORL_Orlando_Defensive_Foul_Challenge_012620
1/26/20,BOS,NOP,4th,5:45,NOP,Foul,Unsuccessful,https://dmmx2.nba.com/videourlredirect?&project=/bbops/bbops_BOS_NOP_New_Orleans_Defensive_Foul_Challenge_012620
1/26/20,BKN,NYK,4th,7:56,BKN,Foul,Successful,https://dmmx2.nba.com/videourlredirect?&project=/bbops/bbops_BKN_NYK_Brooklyn_Defensive_Foul_Challenge_012620
1/26/20,BKN,NYK,4th,6:55,NYK,OB,Successful,https://dmmx2.nba.com/videourlredirect?&project=/bbops/bbops_BKN_NYK_New_York_OB_Challenge_012520
1/26/20,WAS,ATL,4th,9:37,ATL,Foul,Successful,https://dmmx2.nba.com/videourlredirect?&project=/bbops/bbops_WAS_ATL_Atlanta_Defensive_Foul_Challenge_012620
1/26/20,HOU,DEN,3rd,8:45,DEN,Foul,Successful,https://dmmx2.nba.com/videourlredirect?&project=/bbops/bbops_HOU_DEN_Denver_Offensive_Foul_Challenge_012620
1/25/20,OKC,MIN,4th,:34,MIN,Foul,Successful,https://dmmx2.nba.com/videourlredirect?&project=/bbops/bbops_OKC_MIN_Minnesota_Defensive_Foul_Challenge_012520
1/25/20,BKN,DET,4th,5:52,BKN,Foul,Unsuccessful,https://dmmx2.nba.com/videourlredirect?&project=/bbops/bbops_BKN_DET_Brooklyn_Defensive_Foul_Challenge_012520
1/25/20,DAL,UTA,4th,8:13,UTA,GT,Successful,https://dmmx2.nba.com/videourlredirect?&project=/bbops/bbops_DAL_UTA_Utah_Goaltending_Challenge_012520
1/24/20,TOR,NYK,3rd,5:44,TOR,Foul,Successful,https://dmmx2.nba.com/videourlredirect?&project=/bbops/bbops_TOR_NYK_Toronto_Defensive_Foul_Challenge_012420
1/24/20,HOU,MIN,4th,5:33,HOU,Foul,Successful,https://dmmx2.nba.com/videourlredirect?&project=/bbops/bbops_HOU_MIN_Houston_Defensive_Foul_Challenge_012420
1/24/20,ATL,OKC,4th,6:35,OKC,Foul,Successful,https://dmmx2.nba.com/videourlredirect?&project=/bbops/bbops_ATL_OKC_Oklahoma_City_Defensive_Foul_Challenge_012420
1/24/20,PHX,SAS,4th,4:18,PHX,Foul,Unsuccessful,https://dmmx2.nba.com/videourlredirect?&project=/bbops/bbops_PHX_SAS_San_Antonio_Offensive_Foul_Challenge_012420
1/24/20,IND,GSW,4th,1:23,IND,Foul,Successful,https://dmmx2.nba.com/videourlredirect?&project=/bbops/bbops_IND_GSW_Indiana_Defensive_Foul_Challenge_012420
1/23/20,LAL,BKN,2nd,:39,BKN,Foul,Successful,https://dmmx2.nba.com/videourlredirect?&project=/bbops/bbops_LAL_BKN_Brooklyn_Defensive_Foul_Challenge_012320
1/23/20,DAL,POR,2nd,5:22,POR,Foul,Unsuccessful,https://dmmx2.nba.com/videourlredirect?&project=/bbops/bbops_DAL_POR_Portland_Defensive_Foul_Challenge_012320
1/22/20,PHI,TOR,4th,2:30,TOR,Foul,Successful,https://dmmx2.nba.com/videourlredirect?&project=/bbops/bbops_PHI_TOR_Toronto_Offensive_Foul_Challenge_012220
1/22/20,LAC,ATL,4th,3:40,LAC,Foul,Unsuccessful,https://dmmx2.nba.com/videourlredirect?&project=/bbops/bbops_LAC_ATL_Atlanta_Defensive_Foul_Challenge_012220
1/22/20,LAC,ATL,4th,:31,ATL,Foul,Unsuccessful,https://dmmx2.nba.com/videourlredirect?&project=/bbops/bbops_LAC_ATL_LA_Clippers_Defensive_Foul_Challenge_012220
1/22/20,WAS,MIA,OT1,:09,WAS,Foul,Unsuccessful,https://dmmx2.nba.com/videourlredirect?&project=/bbops/bbops_WAS_MIA_Washington_Defensive_Foul_Challenge_012220
1/22/20,IND,PHX,3rd,6:20,INF,Foul,Successful,https://dmmx2.nba.com/videourlredirect?&project=/bbops/bbops_IND_PHX_Indiana_Defensive_Foul_Challenge_012220
1/20/20,WAS,DET,3rd,1:24,DET,Foul,Successful,https://dmmx2.nba.com/videourlredirect?&project=/bbops/bbops_WAS_DET_Detroit_Defensive_Foul_Challenge_012020
1/20/20,TOR,ATL,4th,4:58,TOR,Foul,Successful,https://dmmx2.nba.com/videourlredirect?&project=/bbops/bbops_TOR_ATL_Toronto_Defensive_Foul_Challenge_012020
1/20/20,TOR,ATL,4th,3:05,ATL,OB,Unsuccessful,https://dmmx2.nba.com/videourlredirect?&project=/bbops/bbops_TOR_ATL_Atlanta_Out_of_Bounds_Challenge_012020
1/20/20,ORL,CHA,3rd,1:43,ORL,Foul,Unsuccessful,https://dmmx2.nba.com/videourlredirect?&project=/bbops/bbops_ORL_CHA_Orlando_Defensive_Foul_Challenge_012020
1/20/20,OKC,HOU,2nd,1:05,OKC,Foul,Unsuccessful,https://dmmx2.nba.com/videourlredirect?&project=/bbops/bbops_OKC_HOU_Oklahoma_City_Offensive_Foul_Challenge_012020_v2
1/20/20,OKC,HOU,4th,6:53,HOU,Foul,Successful,https://dmmx2.nba.com/videourlredirect?&project=/bbops/bbops_OKC_HOU_Houston_Defensive_Foul_Challenge_012020
1/20/20,CHI,MIL,4th,9:58,MIL,Foul,Successful,https://dmmx2.nba.com/videourlredirect?&project=/bbops/bbops_CHI_MIL_Milwaukee_Defensive_Foul_Challenge_012020
1/20/20,CHI,MIL,4th,5:55,CHI,Foul,Unsuccessful,https://dmmx2.nba.com/videourlredirect?&project=/bbops/bbops_CHI_MIL_Chicago_Defensive_Foul_Challenge_012020
1/20/20,LAL,BOS,4th,6:05,LAL,Foul,Unsuccessful,https://dmmx2.nba.com/videourlredirect?&project=/bbops/bbops_LAL_BOS_LA_Lakers_Defensive_Foul_Challenge_012020
1/20/20,SAS,PHX,4th,5.4,SAS,Foul,Unsuccessful,https://dmmx2.nba.com/videourlredirect?&project=/bbops/bbops_SAS_PHX_San_Antonio_Defensive_Foul_Challenge_012020_v2
1/20/20,GSW,POR,2nd,4:15,GSW,Foul,Unsuccessful,https://dmmx2.nba.com/videourlredirect?&project=/bbops/bbops_GSW_POR_Golden_State_Defensive_Foul_Challenge_012020
1/20/20,GSW,POR,4th,25.3,POR,Foul,Unsuccessful,https://dmmx2.nba.com/videourlredirect?&project=/bbops/bbops_GSW_POR_Portland_Defensive_Foul_Challenge_012020
1/19/20,MIA,SAS,4th,1:28,SAS,Foul,Unsuccessful,https://dmmx2.nba.com/videourlredirect?&project=/bbops/bbops_MIA_SAS_San_Antonio_Defensive_Foul_Challenge_011920
1/18/20,LAC,NOP,4th,5:52,NOP,Foul,Unsuccessful,https://dmmx2.nba.com/videourlredirect?&project=/bbops/bbops_LAC_NOP_New_Orleans_Defensive_Foul_Challenge_011820
1/18/20,MIL,BKN,1st,7:48,BKN,Foul,Successful,https://dmmx2.nba.com/videourlredirect?&project=/bbops/bbops_MIL_BKN_Brooklyn_Defensive_Foul_Challenge_011820
1/18/20,PHX,BOS,4th,1:16,PHX,Foul,Unsuccessful,https://dmmx2.nba.com/videourlredirect?&project=/bbops/bbops_PHX_BOS_Phoenix_Defensive_Foul_Challenge_011820
1/18/20,CLE,CHI,4th,:20.1,CHI,Foul,Successful,https://dmmx2.nba.com/videourlredirect?&project=/bbops/bbops_CLE_CHI_Chicago_Defensive_Foul_Challenge_011820
1/18/20,POR,OKC,1st,3:15,OKC,Foul,Unsuccessful,https://dmmx2.nba.com/videourlredirect?&project=/bbops/bbops_POR_OKC_Oklahoma_City_Defensive_Foul_Challenge_011820
1/18/20,POR,OKC,4th,4:42,POR,GT,Successful,https://dmmx2.nba.com/videourlredirect?&project=/bbops/bbops_POR_OKC_Portland_Goaltending_Challenge_011820
1/17/20,MIN,IND,4th,4:59,IND,Foul,Successful,https://dmmx2.nba.com/videourlredirect?&project=/bbops/bbops_MIN_IND_Indiana_Offensive_Foul_Challenge_011720
1/17/20,CLE,MEM,3rd,11:03,CLE,Foul,Unsuccessful,https://dmmx2.nba.com/videourlredirect?&project=/bbops/bbops_CLE_MEM_Cleveland_Defensive_Foul_Challenge_011720
1/17/20,ATL,SAS,4th,1:20,SAS,Foul,Unsuccessful,https://dmmx2.nba.com/videourlredirect?&project=/bbops/bbops_ATL_SAS_San_Antonio_Defensive_Foul_Challenge_011720
1/17/20,POR,DAL,4th,3:09,POR,Foul,Successful,https://dmmx2.nba.com/videourlredirect?&project=/bbops/bbops_POR_DAL_Portland_Defensive_Foul_Challenge_011720
1/16/20,UTA,NOP,3rd,3:17,NOP,Foul,Unsuccessful,https://dmmx2.nba.com/videourlredirect?&project=/bbops/bbops_UTA_NOP_New_Orleans_Defensive_Foul_Challenge_011620
1/16/20,UTA,NOP,OT1,1:19,UTA,Foul,Unsuccessful,https://dmmx2.nba.com/videourlredirect?&project=/bbops/bbops_UTA_NOP_Utah_Defensive_Foul_Challenge_011620
1/15/20,DET,BOS,1st,8:34,DET,OB,Successful,https://dmmx2.nba.com/videourlredirect?&project=/bbops/bbops_DET_BOS_Detroit_OB_Challenge_011520
1/15/20,BKN,PHI,3rd,8:43,BKN,Foul,Unsuccessful,https://dmmx2.nba.com/videourlredirect?&project=/bbops/bbops_BKN_PHI_Brooklyn_Defensive_Foul_Challenge_011520
1/15/20,IND,MIN,2nd,7:51,IND,Foul,Successful,https://dmmx2.nba.com/videourlredirect?&project=/bbops/bbops_IND_MIN_Indiana_Offensive_Foul_Challenge_011520
1/15/20,IND,MIN,4th,:37,MIN,Foul,Successful,https://dmmx2.nba.com/videourlredirect?&project=/bbops/bbops_IND_MIN_Minnesota_Defensive_Foul_Challenge_011520
1/15/20,SAS,MIA,3rd,2:59,SAS,Foul,Unsuccessful,https://dmmx2.nba.com/videourlredirect?&project=/bbops/bbops_SAS_MIA_San_Antonio_Defensive_Foul_Challenge_011520
1/15/20,TOR,OKC,3rd,9:07,TOR,Foul,Unsuccessful,https://dmmx2.nba.com/videourlredirect?&project=/bbops/bbops_TOR_OKC_Toronto_Defensive_Foul_Challenge_011520
1/15/20,WAS,CHI,4th,1:08,CHI,Foul,Successful,https://dmmx2.nba.com/videourlredirect?&project=/bbops/bbops_WAS_CHI_Chicago_Defensive_Foul_Challenge_011520
1/15/20,DAL,SAC,4th,:27,SAC,Foul,Unsuccessful,https://dmmx2.nba.com/videourlredirect?&project=/bbops/bbops_DAL_SAC_Sacramento_Defensive_Foul_Challenge_011520
1/14/20,PHX,ATL,1st,6:49,PHX,Foul,Unsuccessful,https://dmmx2.nba.com/videourlredirect?&project=/bbops/bbops_PHX_ATL_Phoenix_Defensive_Foul_Challenge_011420
1/14/20,CLE,LAL,2nd,7:54,CLE,OB,Successful,https://dmmx2.nba.com/videourlredirect?&project=/bbops/bbops_CLE_LAC_Cleveland_OB_Challenge_011420
1/13/20,NOP,DET,2nd,10:55,NOP,Foul,Unsuccessful,https://dmmx2.nba.com/videourlredirect?&project=/bbops/bbops_NOP_DET_Offensive_Foul_Challenge_011320
1/13/20,PHI,IND,3rd,9:47,IND,GT,Successful,https://dmmx2.nba.com/videourlredirect?&project=/bbops/bbops_PHI_IND_Indiana_Goaltending_Challenge_011320
1/13/20,ORL,SAC,2nd,1:43,ORL,OB,Successful,https://dmmx2.nba.com/videourlredirect?&project=/bbops/bbops_ORL_SAC_Orlando_OB_Challenge_011320
1/12/20,LAC,DEN,4th,2:41,LAC,Foul,Unsuccessful,https://dmmx2.nba.com/videourlredirect?&project=/bbops/bbops_LAC_DEN_LA_Clippers_Offensive_Foul_Challenge_011220
1/12/20,SAS,TOR,2nd,3:12,TOR,Foul,Successful,https://dmmx2.nba.com/videourlredirect?&project=/bbops/bbops_SAS_TOR_Toronto_Defensive_Foul_011220
1/12/20,ATL,BKN,3rd,9:14,BKN,Foul,Unsuccessful,https://dmmx2.nba.com/videourlredirect?&project=/bbops/bbops_ATL_BKN_Brooklyn_Offensive_Foul_Challenge_011220
1/12/20,MIA,NYK,4th,:21,NYK,Foul,Unsuccessful,https://dmmx2.nba.com/videourlredirect?&project=/bbops/bbops_MIA_NYK_New_York_Defensive_Foul_Challenge_011220
1/11/20,MIL,POR,2nd,2.7,POR,Foul,Unsuccessful,https://dmmx2.nba.com/videourlredirect?&project=/bbops/bbops_MIL_POR_Portland_Offensive_Foul_Challenge_011120
1/11/20,CHI,DET,4th,6:32,DET,Foul,Unsuccessful,https://dmmx2.nba.com/videourlredirect?&project=/bbops/bbops_CHI_DET_Detroit_Defensive_Foul_Challenge_011120
1/10/20,ATL,WAS,2nd,3:44,WAS,Foul,Unsuccessful,https://dmmx2.nba.com/videourlredirect?&project=/bbops/bbops_ATL_WAS_Washington_Defensive_Foul_Challenge_011020
1/10/20,ATL,WAS,3rd,:04,ATL,Foul,Unsuccessful,https://dmmx2.nba.com/videourlredirect?&project=/bbops/bbops_ATL_WAS_Atlanta_Offensive_Foul_Challenge_011020
1/10/20,NOP,NYK,3rd,7:48,NYK,Foul,Successful,https://dmmx2.nba.com/videourlredirect?&project=/bbops/bbops_NOP_NYK_New_York_Defensive_Foul_Challenge_011020
1/10/20,ORL,PHX,2nd,5:46,PHX,Foul,Unsuccessful,https://dmmx2.nba.com/videourlredirect?&project=/bbops/bbops_ORL_PHX_Phoenix_Defensive_Foul_Challenge_011020
1/10/20,SAS,MEM,4th,3:42,MEM,Foul,Unsuccessful,https://dmmx2.nba.com/videourlredirect?&project=/bbops/bbops_SAS_MEM_Memphis_Defensive_Foul_Challenge_011020
1/10/20,LAL,DAL,4th,9:50,LAL,OB,Unsuccessful,https://dmmx2.nba.com/videourlredirect?&project=/bbops/bbops_LAL_DAL_LA_Lakers_OB_Challenge_011020
1/10/20,LAL,DAL,4th,6:16,DAL,Foul,Unsuccessful,https://dmmx2.nba.com/videourlredirect?&project=/bbops/bbops_LAL_DAL_Dallas_Defensive_Foul_Challenge_011020
1/9/20,CLE,DET,2nd,2:02,DET,Foul,Unsuccessful,https://dmmx2.nba.com/videourlredirect?&project=/bbops/bbops_CLE_DET_Detroit_Defensive_Foul_Challenge_010920
1/9/20,POR,MIN,4th,6:10,MIN,Foul,Unsuccessful,https://dmmx2.nba.com/videourlredirect?&project=/bbops/bbops_POR_MIN_Minnesota_Defensive_Foul_Challenge_010920
1/8/20,TOR,CHA,3rd,1:39,CHA,Foul,Unsuccessful,https://dmmx2.nba.com/videourlredirect?&project=/bbops/bbops_TOR_CHA_Charlotte_Offensive_Foul_Challenge_010820
1/8/20,CHI,NOP,3rd,5:06,CHI,Foul,Unsuccessful,https://dmmx2.nba.com/videourlredirect?&project=/bbops/bbops_CHI_NOP_Chicago_Defensive_Foul_Challenge_010820
1/8/20,MIL,GSW,4th,1:06,GSW,Foul,Unsuccessful,https://dmmx2.nba.com/videourlredirect?&project=/bbops/bbops_MIL_GSW_Golden_State_Defensive_Foul_Challenge_010820
1/7/20,DET,CLE,1st,2:40,DET,OB,Successful,https://dmmx2.nba.com/videourlredirect?&project=/bbops/bbops_DET_CLE_Detroit_Out_of_Bounds_Challenge_010720
1/7/20,DET,CLE,4th,10:42,CLE,Foul,Unsuccessful,https://dmmx2.nba.com/videourlredirect?&project=/bbops/bbops_DET_CLE_Cleveland_Offensive_Foul_Challenge_010720
1/7/20,OKC,BKN,4th,6:15,OKC,Foul,Unsuccessful,https://dmmx2.nba.com/videourlredirect?&project=/bbops/bbops_OKC_BKN_Oklahoma_City_Defensive_Foul_Challenge_010720
1/6/20,DEN,ATL,3rd,8:44,ATL,Foul,Unsuccessful,https://dmmx2.nba.com/videourlredirect?&project=/bbops/bbops_DEN_ATL_Atlanta_Defensive_Foul_Challenge_010620
1/6/20,OKC,PHI,4th,5:22,OKC,OB,Successful,https://dmmx2.nba.com/videourlredirect?&project=/bbops/bbops_OKC_PHI_Oklahoma_City_OB_Challenge_010620
1/6/20,GSW,SAC,4th,9:00,SAC,Foul,Successful,https://dmmx2.nba.com/videourlredirect?&project=/bbops/bbops_GSW_SAC_Sacramento_Defensive_Foul_Challenge_010620
1/5/20,NYK,LAC,4th,7:06,LAC,Foul,Unsuccessful,https://dmmx2.nba.com/videourlredirect?&project=/bbops/bbops_NYK_LAC_LA_Clippers_Offensive_Foul_Challenge_010520
1/5/20,POR,MIA,4th,4:13,MIA,OB,Successful,https://dmmx2.nba.com/videourlredirect?&project=/bbops/bbops_POR_MIA_Miami_Out_Of_Bounds_Challenge_010520
1/5/20,DET,LAL,3rd,6:04,LAL,Foul,Successful,https://dmmx2.nba.com/videourlredirect?&project=/bbops/bbops_DET_LAL_LA_Lakers_Defensive_Foul_Challenge_010520
1/4/20,TOR,BKN,3rd,8:54,BKN,Foul,Successful,https://dmmx2.nba.com/videourlredirect?&project=/bbops/bbops_TOR_BKN_Brooklyn_Offensive_Foul_Challenge_010420
1/4/20,UTA,ORL,2nd,3:56,UTA,Foul,Unsuccessful,https://dmmx2.nba.com/videourlredirect?&project=/bbops/bbops_UTA_ORL_Utah_Defensive_Foul_Challenge_010420
1/4/20,UTA,ORL,4th,1:53,ORL,Foul,Successful,https://dmmx2.nba.com/videourlredirect?&project=/bbops/bbops_UTA_ORL_Orlando_Defensive_Foul_Challenge_010420
1/4/20,NOP,SAC,3rd,:14,SAC,Foul,Successful,https://dmmx2.nba.com/videourlredirect?&project=/bbops/bbops_NOP_SAC_Sacramento_Defensive_Foul_Challenge_010420
1/3/20,ATL,BOS,3rd,7:42,ATL,Foul,Unsuccessful,https://dmmx2.nba.com/videourlredirect?&project=/bbops/bbops_ATL_BOS_Atlanta_Defensive_Foul_Challenge_010320
1/3/20,ATL,BOS,4th,4:48,BOS,Foul,Unsuccessful,https://dmmx2.nba.com/videourlredirect?&project=/bbops/bbops_ATL_BOS_Boston_Defensive_Foul_Challenge_010320
1/3/20,NYK,PHX,4th,1:53,NYK,Foul,Successful,https://dmmx2.nba.com/videourlredirect?&project=/bbops/bbops_NYK_PHX_New_York_Offensive_Foul_Challenge_010320
1/2/20,GSW,MIN,1st,:0.2,GSW,Foul,Unsuccessful,https://dmmx2.nba.com/videourlredirect?&project=/bbops/bbops_GSW_MIN_Golden_State_Defensive_Foul_Challenge_010220
1/2/20,DEN,IND,3rd,3:45,DEN,Foul,Unsuccessful,https://dmmx2.nba.com/videourlredirect?&project=/bbops/bbops_DEN_IND_Denver_Defensive_Foul_Challenge_010220
1/2/20,CHA,CLE,4th,5:17,CLE,Foul,Unsuccessful,https://dmmx2.nba.com/videourlredirect?&project=/bbops/bbops_CHA_CLE_Cleveland_Defensive_Foul_Challenge_010220
1/1/20,MIN,MIL,3rd,:26`,MIN,Foul,Unsuccessful,https://dmmx2.nba.com/videourlredirect?&project=/bbops/bbops_MIN_MIL_Minnesota_Defensive_Foul_Challenge_010120
1/1/20,MIN,MIL,4th,4:35,MIL,Foul,Unsuccessful,https://dmmx2.nba.com/videourlredirect?&project=/bbops/bbops_MIN_MIL_Milwaukee_Defensive_Foul_Challenge_010120
1/1/20,PHX,LAL,4th,4:59,PHX,Foul,Unsuccessful,https://dmmx2.nba.com/videourlredirect?&project=/bbops/bbops_PHX_LAL_Phoenix_Offensive_Foul_Challenge_010120
12/31/19,LAC,SAC,4th,2:49,SAC,OB,Successful,https://dmmx2.nba.com/videourlredirect?&project=/bbops/bbops_LAC_SAC_Sacramento_OB_Challenge_123119
12/31/19,CLE,TOR,3rd,:28,TOR,Foul,Successful,https://dmmx2.nba.com/videourlredirect?&project=/bbops/bbops_CLE_TOR_Toronto_Defensive_Foul_Challenge_123119
12/31/19,GSW,SAS,3rd,7:33,GSW,Foul,Unsuccessful,https://dmmx2.nba.com/videourlredirect?&project=/bbops/bbops_GSW_SAS_Golden_State_Offensive_Foul_Challenge_123119
12/31/19,GSW,SAS,3rd,3:47,SAS,Foul,Successful,https://dmmx2.nba.com/videourlredirect?&project=/bbops/bbops_GSW_SAS_San_Antonio_Defensive_Foul_Challenge_123119
12/31/19,DEN,HOU,4th,8:24,HOU,Foul,Successful,https://dmmx2.nba.com/videourlredirect?&project=/bbops/bbops_DEN_HOU_Houston_Defensive_Foul_Challenge_123119
12/30/19,MIA,WAS,4th,8:15,WAS,Foul,Unsuccessful,https://dmmx2.nba.com/videourlredirect?&project=/bbops/bbops_MIA_WAS_Washington_Defensive_Foul_Challenge_123019
12/30/19,ATL,ORL,2nd,8:54,ORL,OB,Successful,https://dmmx2.nba.com/videourlredirect?&project=/bbops/bbops_ATL_ORL_Orlando_Out_of_Bounds_Challenge_123019
12/29/19,SAC,DEN,4th,1:54,SAC,Foul,Unsuccessful,https://dmmx2.nba.com/videourlredirect?&project=/bbops/bbops_SAC_DEN_Sacramento_Defensive_Foul_Challenge_122919
12/29/19,OKC,TOR,3rd,2:07,TOR,Foul,Unsuccessful,https://dmmx2.nba.com/videourlredirect?&project=/bbops/bbops_OKC_TOR_Toronto_Defensive_Foul_Challenge_122919
12/28/19,TOR,BOS,1st,3:57,TOR,Foul,Successful,https://dmmx2.nba.com/videourlredirect?&project=/bbops/bbops_TOR_BOS_Toronto_Defensive_Foul_Challenge_122819
12/28/19,PHI,MIA,2nd,1:53,PHI,Foul,Successful,https://dmmx2.nba.com/videourlredirect?&project=/bbops/bbops_PHI_MIA_Philadelphia_Defensive_Foul_Challenge_122819
12/28/19,PHI,MIA,4th,:01,MIA,Foul,Unsuccessful,https://dmmx2.nba.com/videourlredirect?&project=/bbops/bbops_PHI_MIA_Miami_Defensive_Foul_Challenge_122819
12/28/19,NYK,WAS,3rd,5:20,NYK,Foul,Unsuccessful,https://dmmx2.nba.com/videourlredirect?&project=/bbops/bbops_NYK_WAS_New_York_Defensive_Foul_Challenge_122819
12/28/19,CLE,MIN,4th,7:35,CLE,Foul,Unsuccessful,https://dmmx2.nba.com/videourlredirect?&project=/bbops/bbops_CLE_MIN_Cleveland_Defensive_Foul_Challenge_122819
12/28/19,DET,SAS,4th,5:27,SAS,OB,Successful,https://dmmx2.nba.com/videourlredirect?&project=/bbops/bbops_DET_SAS_San_Antonio_Out_of_Bounds_Challenge_122819
12/28/19,PHX,SAC,2nd,9:38,SAC,Foul,Successful,https://dmmx2.nba.com/videourlredirect?&project=/bbops/bbops_PHX_SAC_Sacramento_Loose_Ball_Foul_Challenge_122819
12/28/19,PHX,SAC,3rd,2:14,PHX,Foul,Unsuccessful,https://dmmx2.nba.com/videourlredirect?&project=/bbops/bbops_PHX_SAC_Phoenix_Defensive_Foul_Challenge_122819
12/28/19,LAL,POR,2nd,8:34,POR,Foul,Unsuccessful,https://dmmx2.nba.com/videourlredirect?&project=/bbops/bbops_LAL_POR_Portland_Defensive_Foul_Challenge_122819
12/28/19,LAL,POR,4th,5:54,LAL,Foul,Unsuccessful,https://dmmx2.nba.com/videourlredirect?&project=/bbops/bbops_LAL_POR_LA_Lakers_Defensive_Foul_Challenge_122819
12/28/19,UTA,LAC,4th,10:23,LAC,Foul,Unsuccessful,https://dmmx2.nba.com/videourlredirect?&project=/bbops/bbops_UTA_LAC_LA_Clippers_Defensive_Foul_Challenge_122819
12/27/19,CLE,BOS,3rd,:30,BOS,Foul,Successful,https://dmmx2.nba.com/videourlredirect?&project=/bbops/bbops_CLE_BOS_Boston_Offensive_Foul_Challenge_122719
12/27/19,IND,MIA,4th,3:34,IND,OB,Successful,https://dmmx2.nba.com/videourlredirect?&project=/bbops/bbops_IND_MIA_Indiana_Out_Of_Bounds_Challenge_122719
12/26/19,WAS,DET,1st,4:48,DET,Foul,Successful,https://dmmx2.nba.com/videourlredirect?&project=/bbops/bbops_WAS_DET_Detroit_Offensive_Foul_Challenge_122619
12/26/19,NYK,BKN,2nd,9:13,BKN,Foul,Unsuccessful,https://dmmx2.nba.com/videourlredirect?&project=/bbops/bbops_NYK_BKN_Brooklyn_Defensive_Foul_Challenge_122619
12/25/19,BOS,TOR,4th,8:52,BOS,BI,Successful,https://dmmx2.nba.com/videourlredirect?&project=/bbops/bbops_BOS_TOR_Boston_Basket_Interference_Challenge_122519
12/23/19,CHI,ORL,2nd,6:21,ORL,Foul,Unsuccessful,https://dmmx2.nba.com/videourlredirect?&project=/bbops/bbops_CHI_ORL_Orlando_Offensive_Foul_Challenge_122319
12/23/19,WAS,NYK,4th,2:32,NYK,Foul,Successful,https://dmmx2.nba.com/videourlredirect?&project=/bbops/bbops_WAS_NYK_New_York_Defensive_Foul_Challenge_122319
12/23/19,UTA,MIA,4th,5:26,MIA,GT,Unsuccessful,https://dmmx2.nba.com/videourlredirect?&project=/bbops/bbops_UTA_MIA_Miami_Goaltending_Challenge_122319
12/23/19,HOU,SAC,4th,6:41,SAC,Foul,Unsuccessful,https://dmmx2.nba.com/videourlredirect?&project=/bbops/bbops_HOU_SAC_Sacramento_Defensive_Foul_Challenge_122319
12/22/19,DAL,TOR,4th,3:20,TOR,Foul,Unsuccessful,https://dmmx2.nba.com/videourlredirect?&project=/bbops/bbops_DAL_TOR_Tornoto_Defensive_Foul_Challenge_122219
12/22/19,LAC,OKC,4th,5:35,OKC,Foul,Successful,https://dmmx2.nba.com/videourlredirect?&project=/bbops/bbops_LAC_OKC_Oklahoma_City_Defensive_Foul_Challenge_122219
12/22/19,DEN,LAL,3rd,7:10,LAL,GT,Successful,https://dmmx2.nba.com/videourlredirect?&project=/bbops/bbops_DEN_LAL_LA_Lakers_Goaltending_Challenge_122219
12/22/19,DEN,LAL,3rd,3:30,DEN,Foul,Successful,https://dmmx2.nba.com/videourlredirect?&project=/bbops/bbops_DEN_LAL_Denver_Defensive_Foul_Challenge_122219
12/21/19,HOU,PHX,2nd,7:49,HOU,Foul,Unsuccessful,https://dmmx2.nba.com/videourlredirect?&project=/bbops/bbops_HOU_PHX_Houston_Offensive_Foul_Challenge_122119
12/21/19,LAC,SAS,2nd,11:47,SAS,Foul,Successful,https://dmmx2.nba.com/videourlredirect?&project=/bbops/bbops_LAC_SAS_San_Antonio_Defensive_Foul_Challenge_122119
12/21/19,LAC,SAS,3rd,10:02,LAC,Foul,Successful,https://dmmx2.nba.com/videourlredirect?&project=/bbops/bbops_LAC_SAS_Los_Angeles_Clippers_Defensive_Foul_Challenge_122119
12/21/19,SAC,MEM,4th,4:54,SAC,Foul,Successful,https://dmmx2.nba.com/videourlredirect?&project=/bbops/bbops_SAC_MEM_Sacramento_Offensive_Foul_Challenge_122119
12/21/19,MIL,NYK,4th,6:39,NYK,Foul,Successful,https://dmmx2.nba.com/videourlredirect?&project=/bbops/bbops_MIL_NYK_New_York_Offensive_Foul_Challenge_122119
12/21/19,WAS,PHI,4th,8:35,PHI,Foul,Successful,https://dmmx2.nba.com/videourlredirect?&project=/bbops/bbops_WAS_PHI_Philadelphia_Defensive_Foul_Challenge_122119
12/21/19,CHI,DET,4th,4:21,DET,Foul,Successful,https://dmmx2.nba.com/videourlredirect?&project=/bbops/bbops_CHI_DET_Detroit_Defensive_Foul_Challenge_122119
12/21/19,ATL,BKN,3rd,5:59,ATL,Foul,Successful,https://dmmx2.nba.com/videourlredirect?&project=/bbops/bbops_ATL_BKN_Atlanta_Offensive_Foul_Challenge_122119
12/20/19,DET,BOS,2nd,9:03,DET,Foul,Successful,https://dmmx2.nba.com/videourlredirect?&project=/bbops/bbops_DET_BOS_Detroit_Offensive_Foul_Challenge_122019
12/20/19,NYK,MIA,4th,4:31,MIA,OB,Successful,https://dmmx2.nba.com/videourlredirect?&project=/bbops/bbops_NYK_MIA_Miami_OB_Challenge_122019
12/20/19,DAL,PHI,4th,9:34,PHI,OB,Successful,https://dmmx2.nba.com/videourlredirect?&project=/bbops/bbops_DAL_PHI_Philadelphia_OB_Challenge_122019
12/20/19,ORL,POR,1st,1:02,ORL,Foul,Unsuccessful,https://dmmx2.nba.com/videourlredirect?&project=/bbops/bbops_ORL_POR_Orlando_Offensive_Foul_Challenge_122019
12/20/19,MIN,DEN,4th,3:37,DEN,Foul,Unsuccessful,https://dmmx2.nba.com/videourlredirect?&project=/bbops/bbops_MIN_DEN_Denver_Defensive_Foul_Challenge_122019
12/20/19,NOP,GSW,4th,:38,GSW,Foul,Unsuccessful,https://dmmx2.nba.com/videourlredirect?&project=/bbops/bbops_NOP_GSW_Golden_State_Defensive_Foul_Challenge_122019
12/19/19,BKN,SAS,4th,1:33,SAS,Foul,Unsuccessful,https://dmmx2.nba.com/videourlredirect?&project=/bbops/bbops_BKN_SAS_San_Antonio_Defensive_Foul_Challenge_121919
12/18/19,CHA,CLE,4th,:41.8,CHA,Foul,Unsuccessful,https://dmmx2.nba.com/videourlredirect?&project=/bbops/bbops_CHA_CLE_Charlotte_Defensive_Foul_Challenge_121819
12/18/19,TOR,DET,1st,2:47,TOR,OB,Successful,https://dmmx2.nba.com/videourlredirect?&project=/bbops/bbops_TOR_DET_Toronto_Out_Of_Bounds_Challenge_121819
12/18/19,MIA,PHI,3rd,:00.6,MIA,BI,Successful,https://dmmx2.nba.com/videourlredirect?&project=/bbops/bbops_MIA_PHI_Miami_Basket_Interference_Challenge_121819
12/18/19,MIA,PHI,4th,:33.9,PHI,Foul,Unsuccessful,https://dmmx2.nba.com/videourlredirect?&project=/bbops/bbops_MIA_PHI_Philadelphia_Defensive_Foul_Challenge_121819
12/18/19,GSW,POR,4th,:33.8,GSW,Foul,Unsuccessful,https://dmmx2.nba.com/videourlredirect?&project=/bbops/bbops_GSW_POR_Golden_State_Defensive_Foul_Challenge_121819
12/17/19,ORL,UTA,4th,3:52,ORL,Foul,Unsuccessful,https://dmmx2.nba.com/videourlredirect?&project=/bbops/bbops_ORL_UTA_Orlando_Loose_Ball_Foul_Challenge_121719
12/17/19,ATL,NYK,3rd,6:41,NYK,Foul,Successful,https://dmmx2.nba.com/videourlredirect?&project=/bbops/bbops_ATL_NYK_New_York_Defensive_Foul_Challenge_121719
12/17/19,SAC,CHA,4th,3:26,CHA,Foul,Successful,https://dmmx2.nba.com/videourlredirect?&project=/bbops/bbops_SAC_CHA_Charlotte_Defensive_Foul_Challenge_121719
12/16/19,SAS,HOU,3rd,:51,HOU,Foul,Successful,https://dmmx2.nba.com/videourlredirect?&project=/bbops/bbops_SAS_HOU_Houston_Loose_Ball_Foul_Challenge_121619
12/16/19,CHI,OKC,3rd,8:54,OKC,Foul,Successful,https://dmmx2.nba.com/videourlredirect?&project=/bbops/bbops_CHI_OKC_Oklahoma_City_Defensive_Foul_Challenge_121619
12/16/19,CHI,OKC,4th,1:22,CHI,Foul,Unsuccessful,https://dmmx2.nba.com/videourlredirect?&project=/bbops/bbops_CHI_OKC_Chicago_Loose_Ball_Foul_Challenge_121619
12/16/19,POR,PHX,4th,:26,PHX,Foul,Unsuccessful,https://dmmx2.nba.com/videourlredirect?&project=/bbops/bbops_POR_PHX_Phoenix_Defensive_Foul_Challenge_121619
12/15/19,ORL,NOP,4th,8:06,ORL,Foul,Unsuccessful,https://dmmx2.nba.com/videourlredirect?&project=/bbops/bbops_ORL_NOP_Orlando_Defensive_Foul_Challenge_121519
12/15/19,CHA,IND,3rd,4:04,IND,Foul,Successful,https://dmmx2.nba.com/videourlredirect?&project=/bbops/bbops_CHA_IND_Indiana_Defensive_Foul_Challenge_121519
12/15/19,LAL,ATL,4th,:56.2,ATL,Foul,Successful,https://dmmx2.nba.com/videourlredirect?&project=/bbops/bbops_LAL_ATL_Atlanta_Defensive_Foul_Challenge_121519
12/15/19,LAL,ATL,4th,:19.8,LAL,Foul,Unsuccessful,https://dmmx2.nba.com/videourlredirect?&project=/bbops/bbops_LAL_ATL_LA_Lakers_Defensive_Foul_Challenge_121519
12/15/19,SAC,GSW,3rd,2:22,SAC,Foul,Successful,https://dmmx2.nba.com/videourlredirect?&project=/bbops/bbops_SAC_GSW_Sacramento_Defensive_Foul_Challenge_121519
12/14/19,SAS,PHX,3rd,2:51,PHX,Foul,Unsuccessful,https://dmmx2.nba.com/videourlredirect?&project=/bbops/bbops_SAS_PHX_Phoenix_Defensive_Foul_Challenge_121419
12/14/19,BKN,TOR,4th,8:32,TOR,Foul,Successful,https://dmmx2.nba.com/videourlredirect?&project=/bbops/bbops_BKN_TOR_Toronto_Offensive_Foul_Challenge_121419
12/14/19,CLE,MIL,3rd,:18.2,MIL,Foul,Unsuccessful,https://dmmx2.nba.com/videourlredirect?&project=/bbops/bbops_CLE_MIL_Milwaukee_Defensive_Foul_Challenge_121419
12/14/19,MIA,DAL,4th,2:15,DAL,Foul,Successful,https://dmmx2.nba.com/videourlredirect?&project=/bbops/bbops_MIA_DAL_Dallas_Offensive_Foul_Challenge_121419
12/14/19,DET,HOU,3rd,8:18,DET,OB,Successful,https://dmmx2.nba.com/videourlredirect?&project=/bbops/bbops_DET_HOU_Detroit_Out_of_Bounds_Challenge_121419
12/13/19,IND,ATL,2nd,1:43,ATL,Foul,Successful,https://dmmx2.nba.com/videourlredirect?&project=/bbops/bbops_IND_ATL_Atlanta_Defensive_Foul_Challenge_121319
12/13/19,MIL,MEM,3rd,7:19,MIL,Foul,Unsuccessful,https://dmmx2.nba.com/videourlredirect?&project=/bbops/bbops_MIL_MEM_Milwaukee_Offensive_Foul_Challenge_121319
12/13/19,GSW,UTA,4th,7:40,GSW,Foul,Unsuccessful,https://dmmx2.nba.com/videourlredirect?&project=/bbops/bbops_GSW_UTA_Golden_State_Defensive_Foul_Challenge_121319
12/13/19,NYK,SAC,4th,2:39,SAC,Foul,Successful,https://dmmx2.nba.com/videourlredirect?&project=/bbops/bbops_NYK_SAC_Sacramento_Loose_Ball_Foul_Challenge_121319
12/13/19,LAC,MIN,4th,1:42,LAC,Foul,Unsuccessful,https://dmmx2.nba.com/videourlredirect?&project=/bbops/bbops_LAC_MIN_LA_Clippers_Defensive_Foul_Challenge_121319
12/12/19,PHI,BOS,2nd,1:46,Bos,Foul,Successful,https://dmmx2.nba.com/videourlredirect?&project=/bbops/bbops_PHI_BOS_Boston_Defensive_Foul_Challenge_121219
12/11/19,LAL,ORL,1st,8:07,ORL,Foul,Successful,https://dmmx2.nba.com/videourlredirect?&project=/bbops/bbops_LAL_ORL_Orlando_Defensive_Foul_Challenge_121119
12/11/19,BOS,IND,4th,4:50,IND,Foul,Unsuccessful,https://dmmx2.nba.com/videourlredirect?&project=/bbops/bbops_BOS_IND_Indiana_Defensive_Foul_Challenge_121119
12/11/19,ATL,CHI,4th,11:43,ATL,Foul,Successful,https://dmmx2.nba.com/videourlredirect?&project=/bbops/bbops_ATL_CHI_Atlanta_Defensive_Foul_Challenge_121119
12/11/19,UTA,MIN,4th,:48,MIN,Foul,Successful,https://dmmx2.nba.com/videourlredirect?&project=/bbops/bbops_UTA_MIN_Minnesota_Defensive_Foul_Challenge_121119
12/11/19,OKC,SAC,4th,11:05,SAC,Foul,Successful,https://dmmx2.nba.com/videourlredirect?&project=/bbops/bbops_OKC_SAC_Sacramento_Defensive_Foul_Challenge_121119
12/11/19,NYK,GSW,4th,:12.1,NYK,Foul,Unsuccessful,https://dmmx2.nba.com/videourlredirect?&project=/bbops/bbops_NYK_GSW_New_York_Defensive_Foul_Challenge_121119
12/11/19,NYK,GSW,OT1,3:21,GSW,Foul,Unsuccessful,https://dmmx2.nba.com/videourlredirect?&project=/bbops/bbops_NYK_GSW_Golden_State_Defensive_Foul_Challenge_121119
12/10/19,WAS,CHA,1st,7:30,CHA,Foul,Successful,https://dmmx2.nba.com/videourlredirect?&project=/bbops/bbops_WAS_CHA_Charlotte_Defensive_Foul_Challenge_121019
12/10/19,WAS,CHA,4th,8:07,WAS,Foul,Unsuccessful,https://dmmx2.nba.com/videourlredirect?&project=/bbops/bbops_WAS_CHA_Washington_Defensive_Foul_Challenge_121019
12/9/19,DET,NOP,3rd,3:42,DET,Foul,Unsuccessful,https://dmmx2.nba.com/videourlredirect?&project=/bbops/bbops_DET_NOP_Detroit_Offensive_Foul_Challenge_120919
12/9/19,ORL,MIL,4th,:50.2,MIL,Foul,Unsuccessful,https://dmmx2.nba.com/videourlredirect?&project=/bbops/bbops_ORL_MIL_Milwaulkee_Defensive_Foul_Challenge_120919
12/9/19,SAC,HOU,3rd,:44.1,HOU,Foul,Unsuccessful,https://dmmx2.nba.com/videourlredirect?&project=/bbops/bbops_SAC_HOU_Houston_Offensive_Foul_Challenge_120919
12/9/19,SAC,HOU,3rd,:32,SAC,Foul,Unsuccessful,https://dmmx2.nba.com/videourlredirect?&project=/bbops/bbops_SAC_HOU_Sacramento_Defensive_Foul_Challenge_120919
12/9/19,OKC,UTA,3rd,6:29,UTA,Foul,Unsuccessful,https://dmmx2.nba.com/videourlredirect?&project=/bbops/bbops_OKC_UTA_Utah_Offensive_Foul_Challenge_120919
12/9/19,OKC,UTA,3rd,:08.5,OKC,Foul,Unsuccessful,https://dmmx2.nba.com/videourlredirect?&project=/bbops/bbops_OKC_UTA_Oklahoma_City_Defensive_Foul_Challenge_120919
12/9/19,MIN,PHX,1st,6:21,MIN,Foul,Successful,https://dmmx2.nba.com/videourlredirect?&project=/bbops/bbops_MIN_PHX_Minnesota_Defensive_Foul_Challenge_120919
12/8/19,ATL,CHA,4th,6:44,ATL,Foul,Unsuccessful,https://dmmx2.nba.com/videourlredirect?&project=/bbops/bbops_ATL_CHA_Atlanta_Defensive_Foul_Challenge_120819
12/8/19,TOR,PHI,4th,:23,TOR,Foul,Unsuccessful,https://dmmx2.nba.com/videourlredirect?&project=/bbops/bbops_TOR_PHI_Toronto_Defensive_Foul_Challenge_120819
12/8/19,SAC,DAL,4th,8:49,DAL,OB,Successful,https://dmmx2.nba.com/videourlredirect?&project=/bbops/bbops_SAC_DAL_Dallas_OB_Challenge_120819
12/6/19,ORL,CLE,4th,3:52,ORL,Foul,Successful,https://dmmx2.nba.com/videourlredirect?&project=/bbops/bbops_ORL_CLE_Orlando_Defensive_Foul_Challenge_120619
12/6/19,DEN,BOS,3rd,7:21,BOS,Foul,Successful,https://dmmx2.nba.com/videourlredirect?&project=/bbops/bbops_DEN_BOS_Boston_Defensive_Foul_Challenge_120619
12/6/19,OKC,MIN,4th,5:36,OKC,OB,Successful,https://dmmx2.nba.com/videourlredirect?&project=/bbops/bbops_MIN_OKC_Oklahoma_City_Out_of_Bounds_Challenge_120619
12/6/19,SAC,SAS,4th,37.6,SAC,Foul,Unsuccessful,https://dmmx2.nba.com/videourlredirect?&project=/bbops/bbops_SAC_SAS_Sacramento_Offensive_Foul_Challenge_120619
12/6/19,SAC,SAS,4th,15.1,SAS,Foul,Successful,https://dmmx2.nba.com/videourlredirect?&project=/bbops/bbops_SAC_SAS_San_Antonio_Defensive_Foul_Challenge_120619
12/6/19,LAL,POR,2nd,6:49,POR,OB,Successful,https://dmmx2.nba.com/videourlredirect?&project=/bbops/bbops_LAL_POR_Portland_Out_of_Bounds_Challenge_120619
12/5/19,PHI,WAS,4th,4:06,WAS,Foul,Unsuccessful,https://dmmx2.nba.com/videourlredirect?&project=/bbops/bbops_PHI_WAS_Washington_Defensive_Foul_Challenge_120519
12/5/19,HOU,TOR,4th,1:14,HOU,Foul,Successful,https://dmmx2.nba.com/videourlredirect?&project=/bbops/bbops_HOU_TOR_Houston_Defensive_Foul_Challenge_120519
12/4/19,MIL,DET,3rd,1:59,DET,Foul,Unsuccessful,https://dmmx2.nba.com/videourlredirect?&project=/bbops/bbops_MIL_DET_Detroit_Defensive_Foul_Challenge_120419
12/4/19,PHX,ORL,3rd,3:07,PHX,Foul,Successful,https://dmmx2.nba.com/videourlredirect?&project=/bbops/bbops_PHX_ORL_Phoenix_Defenisve_Foul_Challenge_120419
12/4/19,BKN,ATL,4th,7:41,BKN,Foul,Unsuccessful,https://dmmx2.nba.com/videourlredirect?&project=/bbops/bbops_BKN_ATL_Brooklyn_Defensive_Foul_Challenge_120419
12/4/19,BKN,ATL,4th,7:29,ATL,GT,Unsuccessful,https://dmmx2.nba.com/videourlredirect?&project=/bbops/bbops_BKN_ATL_Atlanta_Goaltending_Challenge_120419
12/4/19,MIA,BOS,4th,3:14,MIA,Foul,Successful,https://dmmx2.nba.com/videourlredirect?&project=/bbops/bbops_MIA_BOS_Miami_Offensive_Foul_Challenge_120419
12/4/19,LAL,UTA,2nd,8:08,UTA,Foul,Unsuccessful,https://dmmx2.nba.com/videourlredirect?&project=/bbops/bbops_LAL_UTA_Utah_Defensive_Foul_Challenge_120419
12/4/19,IND,OKC,3rd,:34,OKC,OB,Unsuccessful,https://dmmx2.nba.com/videourlredirect?&project=/bbops/bbops_IND_OKC_Oklahoma_City_Out_of_Bounds_Challenge_120419
12/3/19,DET,CLE,1st,8:32,CLE,OB,Unsuccessful,https://dmmx2.nba.com/videourlredirect?&project=/bbops/bbops_DET_CLE_Cleveland_OB_Challenge_120319
12/3/19,ORL,WAS,4th,3:22,ORL,Foul,Successful,https://dmmx2.nba.com/videourlredirect?&project=/bbops/bbops_ORL_WAS_Orlando_Defensive_Foul_Challenge_120319
12/3/19,DAL,NOP,3rd,28.5,NOP,Foul,Unsuccessful,https://dmmx2.nba.com/videourlredirect?&project=/bbops/bbops_DAL_NOP_New_Orleans_Defensive_Foul_Challenge_120319
12/3/19,MIA,TOR,4th,38.4,TOR,Foul,Unsuccessful,https://dmmx2.nba.com/videourlredirect?&project=/bbops/bbops_MIA_TOR_Toronto_Defensive_Foul_Challenge_120319
12/3/19,HOU,SAS,4th,:00.4,HOU,Foul,Unsuccessful,https://dmmx2.nba.com/videourlredirect?&project=/bbops/bbops_HOU_SAS_Houston_Offensive_Foul_Challenge_120319
12/3/19,LAL,DEN,3rd,1:14,DEN,Foul,Unsuccessful,https://dmmx2.nba.com/videourlredirect?&project=/bbops/bbops_LAL_DEN_Denver_Defensive_Foul_Challenge_120319
12/2/19,PHX,CHA,1st,7:30,PHX,Foul,Successful,https://dmmx2.nba.com/videourlredirect?&project=/bbops/bbops_PHX_CHA_Phoenix_Defensive_Foul_Challenge_120219
12/2/19,PHX,CHA,4th,10:41,CHA,Foul,Successful,https://dmmx2.nba.com/videourlredirect?&project=/bbops/bbops_PHX_CHA_Charlotte_Offensive_Foul_Challenge_120219
12/2/19,UTA,PHI,2nd,5:44,PHI,Foul,Successful,https://dmmx2.nba.com/videourlredirect?&project=/bbops/bbops_UTA_PHI_Philadelphia_Defensive_Foul_Challenge_120219
12/2/19,GSW,ATL,1st,4:22,GSW,Foul,Successful,https://dmmx2.nba.com/videourlredirect?&project=/bbops/bbops_GSW_ATL_Golden_State_Defensive_Foul_Challenge_120219
12/2/19,NYK,MIL,3rd,7:35,NYK,Foul,Successful,https://dmmx2.nba.com/videourlredirect?&project=/bbops/bbops_NYK_MIL_New_York_Defensive_Foul_Challenge_120219
12/1/19,MIA,BKN,4th,:29,BKN,Foul,Unsuccessful,https://dmmx2.nba.com/videourlredirect?&project=/bbops/bbops_MIA_BKN_Brooklyn_Defensive_Foul_Challenge_120119
12/1/19,BOS,NYK,4th,1:09,BOS,Foul,Successful,https://dmmx2.nba.com/videourlredirect?&project=/bbops/bbops_BOS_NYK_Boston_Defensive_Foul_Challenge_120119
12/1/19,SAS,DET,2nd,8:20,DET,Foul,Successful,https://dmmx2.nba.com/videourlredirect?&project=/bbops/bbops_SAS_DET_Detroit_Defensive_Foul_Challenge_120119
12/1/19,SAS,DET,2nd,5:12,SAS,Foul,Successful,https://dmmx2.nba.com/videourlredirect?&project=/bbops/bbops_SAS_DET_San_Antonio_Defensive_Foul_Challenge_120119
11/30/19,IND,PHI,4th,3:20,PHI,OB,Successful,https://dmmx2.nba.com/videourlredirect?&project=/bbops/bbops_IND_PHI_Philadelphia_Out_Of_Bounds_Challenge_113019
11/30/19,DEN,SAC,4th,34.8,SAC,Foul,Unsuccessful,https://dmmx2.nba.com/videourlredirect?&project=/bbops/bbops_DEN_SAC_Sacramento_Defensive_Foul_113019
11/29/19,BOS,BKN,3rd,8:56,BKN,Foul,Successful,https://dmmx2.nba.com/videourlredirect?&project=/bbops/bbops_BOS_BKN_Brooklyn_Defensive_Foul_Challenge_112919
11/29/19,BOS,BKN,4th,5:42,BOS,Foul,Unsuccessful,https://dmmx2.nba.com/videourlredirect?&project=/bbops/bbops_BOS_BKN_Boston_Offensive_Foul_Challenge_112919
11/29/19,TOR,ORL,2nd,7:53,TOR,OB,Successful,https://dmmx2.nba.com/videourlredirect?&project=/bbops/bbops_TOR_ORL_Toronto_Out_Of_Bounds_Challenge_112919
11/29/19,TOR,ORL,4th,3:33,ORL,Foul,Unsuccessful,https://dmmx2.nba.com/videourlredirect?&project=/bbops/bbops_TOR_ORL_Orlando_Offensive_Foul_Challenge_112919
11/29/19,PHI,NYK,1st,10:51,NYK,Foul,Successful,https://dmmx2.nba.com/videourlredirect?&project=/bbops/bbops_PHI_NYK_New_York_Defensive_Foul_Challenge_112919
11/29/19,GSW,MIA,3rd,47.2,GSW,Foul,Unsuccessful,https://dmmx2.nba.com/videourlredirect?&project=/bbops/bbops_GSW_MIA_Golden_State_Defensive_Foul_Challenge_112919
11/29/19,NOP,OKC,3rd,6:43,NOP,Foul,Unsuccessful,https://dmmx2.nba.com/videourlredirect?&project=/bbops/bbops_NOP_OKC_New_Orleans_Defensive_Foul_Challenge_112919
11/29/19,DAL,PHX,3rd,10:29,DAL,OB,Successful,https://dmmx2.nba.com/videourlredirect?&project=/bbops/bbops_DAL_PHX_Dallas_Out_Of_Bounds_Challenge_112919
11/29/19,CHI,POR,4th,9:34,CHI,Foul,Unsuccessful,https://dmmx2.nba.com/videourlredirect?&project=/bbops/bbops_CHI_POR_Chicago_Defensive_Foul_Challenge_112919
11/29/19,CHI,POR,4th,14:24,POR,Foul,Unsuccessful,https://dmmx2.nba.com/videourlredirect?&project=/bbops/bbops_CHI_POR_Portland_Defensive_Foul_112919
11/29/19,WAS,LAL,4th,9:15,WAS,Foul,Unsuccessful,https://dmmx2.nba.com/videourlredirect?&project=/bbops/bbops_WAS_LAL_Washington_Defensive_Foul_Challenge_112919
11/27/19,BKN,BOS,4th,9:23,BKN,OB,Successful,https://dmmx2.nba.com/videourlredirect?&project=/bbops/bbops_BKN_BOS_Brooklyn_Out_of_Bounds_Challenge_112719
11/27/19,BKN,BOS,4th,8:56,BOS,Foul,Successful,https://dmmx2.nba.com/videourlredirect?&project=/bbops/bbops_BKN_BOS_Boston_Defensive_Foul_Challenge_112719
11/27/19,DET,CHA,1st,7:56,CHA,Foul,Unsuccessful,https://dmmx2.nba.com/videourlredirect?&project=/bbops/bbops_DET_CHA_Charlotte_Defensive_Foul_Challenge_112719_v2
11/27/19,SAC,PHI,3rd,7:25,SAC,Foul,Successful,https://dmmx2.nba.com/videourlredirect?&project=/bbops/bbops_SAC_PHI_Sacramento_Defensive_Foul_Challenge_112719
11/27/19,SAC,PHI,4th,1:16,PHI,Foul,Successful,https://dmmx2.nba.com/videourlredirect?&project=/bbops/bbops_SAC_PHI_Phildaelphia_Defensive_Foul_Challenge_112719
11/27/19,UTA,IND,4th,6:43,IND,Foul,Unsuccessful,https://dmmx2.nba.com/videourlredirect?&project=/bbops/bbops_UTA_IND_Indiana_Defensive_Foul_Challenge_112719
11/27/19,MIN,SAS,4th,8:08,SAS,Foul,Successful,https://dmmx2.nba.com/videourlredirect?&project=/bbops/bbops_MIN_SAS_San_Antonio_Defensive_Foul_Challenge_112719
11/27/19,WAS,PHX,2nd,5:44,WAS,Foul,Successful,https://dmmx2.nba.com/videourlredirect?&project=/bbops/bbops_WAS_PHX_Washington_Offensive_Foul_Challenge_112719
11/27/19,LAC,MEM,4th,7:01,MEM,OB,Successful,https://dmmx2.nba.com/videourlredirect?&project=/bbops/bbops_LAC_MEM_Memphis_Out_of_Bounds_Challenge_112719
11/27/19,LAL,NOP,4th,1:22,LAL,Foul,Unsuccessful,https://dmmx2.nba.com/videourlredirect?&project=/bbops/bbops_LAL_NOP_LA_Lakers_Defensive_Foul_Challenge_112719
11/25/19,ORL,DET,4th,6:05,DET,Foul,Successful,https://dmmx2.nba.com/videourlredirect?&project=/bbops/bbops_ORL_DET_Detroit_Defensive_Foul_Challenge_112519
11/25/19,MIN,ATL,4th,11:25,MIN,Foul,Successful,https://dmmx2.nba.com/videourlredirect?&project=/bbops/bbops_MIN_ATL_Minnesota_Defensive_Foul_Challenge_112519
11/25/19,PHI,TOR,2nd,4:23,TOR,Foul,Successful,https://dmmx2.nba.com/videourlredirect?&project=/bbops/bbops_PHI_TOR_Toronto_Defensive_Foul_Challenge_112519
11/25/19,PHI,TOR,4th,4:39,PHI,OB,Unsuccessful,https://dmmx2.nba.com/videourlredirect?&project=/bbops/bbops_PHI_TOR_Phildaelphia_Out_of_Bounds_Challenge_112519
11/25/19,SAC,BOS,3rd,9:25,BOS,Foul,Successful,https://dmmx2.nba.com/videourlredirect?&project=/bbops/bbops_SAC_BOS_Boston_Defensive_Foul_Challenge_112519
11/25/19,POR,CHI,1st,10:00,CHI,Foul,Successful,https://dmmx2.nba.com/videourlredirect?&project=/bbops/bbops_POR_CHI_Chicago_Offensive_Foul_Challenge_112519
11/25/19,UTA,MIL,2nd,7:12,MIL,Foul,Unsuccessful,https://dmmx2.nba.com/videourlredirect?&project=/bbops/bbops_UTA_MIL_Milwaukee_Offensive_Foul_Challenge_112519
11/24/19,DAL,HOU,3rd,10:04,HOU,Foul,Successful,https://dmmx2.nba.com/videourlredirect?&project=/bbops/bbops_DAL_HOU_Houston_Defensive_Foul_Challenge_112419
11/24/19,BKN,NYK,4th,4:54,NYK,Foul,Successful,https://dmmx2.nba.com/videourlredirect?&project=/bbops/bbops_BKN_NYK_New_York_Defensive_Foul_Challenge_112419
11/23/19,CHI,CHA,3rd,37.6,CHI,OB,Successful,https://dmmx2.nba.com/videourlredirect?&project=/bbops/bbops_CHI_CHA_Chicago_Out_of_Bounds_Challenge_112319
11/23/19,SAS,NYK,4th,2:24,NYK,Foul,Unsuccessful,https://dmmx2.nba.com/videourlredirect?&project=/bbops/bbops_SAS_NYK_New_York_Defensive_Foul_Challenge_112319
11/23/19,NOP,UTA,4th,7:55,UTA,Foul,Successful,https://dmmx2.nba.com/videourlredirect?&project=/bbops/bbops_NOP_UTA_Utah_Defensive_Foul_Challenge_112319_v2
11/22/19,LAL,OKC,2nd,4:26,LAL,OB,Unsuccessful,https://dmmx2.nba.com/videourlredirect?&project=/bbops/bbops_LAL_OKC_LA_Lakers_OB_Challenge_112219
11/22/19,LAL,OKC,4th,9:32,OKC,Foul,Unsuccessful,https://dmmx2.nba.com/videourlredirect?&project=/bbops/bbops_LAL_OKC_Oklahoma_City_Defensive_Foul_Challenge_112219
11/22/19,MIA,CHI,4th,1:00,CHI,Foul,Unsuccessful,https://dmmx2.nba.com/videourlredirect?&project=/bbops/bbops_MIA_CHI_Chicago_Defensive_Foul_Challenge_112219
11/22/19,CLE,DAL,3rd,8:35,CLE,GT,Successful,https://dmmx2.nba.com/videourlredirect?&project=/bbops/bbops_CLE_DAL_Cleveland_Goaltending_Challenge_112219
11/22/19,GSW,UTA,4th,:04,UTA,Foul,Successful,https://dmmx2.nba.com/videourlredirect?&project=/bbops/bbops_GSW_UTA_Utah_Defensive_Foul_Challenge_112219
11/20/19,CHA,BKN,4th,4:02,BKN,OB,Successful,https://dmmx2.nba.com/videourlredirect?&project=/bbops/bbops_CHA_BKN_Brooklyn_Out_of_Bounds_Challenge_112019
11/20/19,GSW,DAL,2nd,1:58,GSW,Foul,Successful,https://dmmx2.nba.com/videourlredirect?&project=/bbops/bbops_GSW_DAL_Golden_State_Defensive_Foul_Challenge_112019
11/20/19,MIL,ATL,4th,1:01,ATL,Foul,Unsuccessful,https://dmmx2.nba.com/videourlredirect?&project=/bbops/bbops_MIL_ATL_Atlanta_Defensive_Foul_Challenge_112019
11/20/19,ORL,TOR,3rd,6:15,ORL,OB,Successful,https://dmmx2.nba.com/videourlredirect?&project=/bbops/bbops_ORL_TOR_Orlando_Out_of_Bounds_Challenge_112019
11/20/19,ORL,TOR,3rd,1:11,TOR,Foul,Unsuccessful,https://dmmx2.nba.com/videourlredirect?&project=/bbops/bbops_ORL_TOR_Toronto_Defensive_Foul_Challenge_112019
11/20/19,HOU,DEN,4th,7:29,DEN,Foul,Unsuccessful,https://dmmx2.nba.com/videourlredirect?&project=/bbops/bbops_HOU_DEN_Denver_Defensive_Foul_Challenge_112019
11/20/19,BOS,LAC,4th,2:39,BOS,Foul,Unsuccessful,https://dmmx2.nba.com/videourlredirect?&project=/bbops/bbops_BOS_LAC_Boston_Defensive_Foul_Challenge_112019
11/19/19,GSW,MEM,2nd,2:07,GSW,Foul,Unsuccessful,https://dmmx2.nba.com/videourlredirect?&project=/bbops/bbops_GSW_MEM_Golden_State_Defensive_Foul_Challenge_111919
11/19/19,PHX,SAC,3rd,8:32,SAC,Foul,Successful,https://dmmx2.nba.com/videourlredirect?&project=/bbops/bbops_PHX_SAC_Sacramento_Defensive_Foul_Challenge_111919
11/18/19,CLE,NYK,3rd,4:48,NYK,Foul,Unsuccessful,https://dmmx2.nba.com/videourlredirect?&project=/bbops/bbops_CLE_NYK_New_York_Defensive_Foul_Challenge_111819
11/18/19,CLE,NYK,3rd,0.3,CLE,Foul,Successful,https://dmmx2.nba.com/videourlredirect?&project=/bbops/bbops_CLE_NYK_Cleveland_Offensive_Foul_Challenge_111819_v2
11/18/19,CHA,TOR,3rd,:25,TOR,Foul,Unsuccessful,https://dmmx2.nba.com/videourlredirect?&project=/bbops/bbops_CHA_TOR_Toronto_Defensive_Foul_Challenge_111819
11/18/19,IND,BKN,3rd,3:10,IND,OB,Successful,https://dmmx2.nba.com/videourlredirect?&project=/bbops/bbops_IND_BKN_Indiana_Out_of_Bounds_Challenge_111819
11/18/19,POR,HOU,3rd,9:08,HOU,Foul,Unsuccessful,https://dmmx2.nba.com/videourlredirect?&project=/bbops/bbops_POR_HOU_Houston_Defensive_Foul_Challenge_111819
11/18/19,BOS,PHX,2nd,4:39,PHX,Foul,Successful,https://dmmx2.nba.com/videourlredirect?&project=/bbops/bbops_BOS_PHX_Phoenix_Defensive_Foul_Challenge_111819
11/18/19,OKC,LAC,4th,7,LAC,Foul,Successful,https://dmmx2.nba.com/videourlredirect?&project=/bbops/bbops_OKC_LAC_LA_Clippers_Defensive_Foul_Challenge_111819
11/17/19,BOS,SAC,4th,:13,BOS,Foul,Unsuccessful,https://dmmx2.nba.com/videourlredirect?&project=/bbops/bbops_BOS_SAC_Boston_Defensive_Foul_Challenge_111719
11/17/19,WAS,ORL,4th,7:01,WAS,Foul,Unsuccessful,https://dmmx2.nba.com/videourlredirect?&project=/bbops/bbops_WAS_ORL_Washington_Defensive_Foul_Challenge_111719
11/16/19,POR,SAS,4th,0:37,SAS,Foul,Unsuccessful,https://dmmx2.nba.com/videourlredirect?&project=/bbops/bbops_POR_SAS_San_Antonio_Offensive_Foul_Challenge_111619
11/15/19,BOS,GSW,3rd,8:24,GSW,Foul,Successful,https://dmmx2.nba.com/videourlredirect?&project=/bbops/bbops_BOS_GSW_Golden_State_Defensive_Foul_Challenge_111519
11/15/19,PHI,OKC,4th,4:37,OKC,OB,Successful,https://dmmx2.nba.com/videourlredirect?&project=/bbops/bbops_PHI_OKC_Oklahoma_City_Out_Of_Bounds_Challenge_111519
11/15/19,WAS,MIN,1st,5:08,WAS,Foul,Successful,https://dmmx2.nba.com/videourlredirect?&project=/bbops/bbops_WAS_MIN_Washington_Defensive_Foul_Challenge_111519
11/15/19,WAS,MIN,3rd,42.2,MIN,Foul,Unsuccessful,https://dmmx2.nba.com/videourlredirect?&project=/bbops/bbops_WAS_MIN_Minnesota_Defensive_Foul_Challenge_111519
11/15/19,IND,HOU,3rd,3:42,IND,Foul,Unsuccessful,https://dmmx2.nba.com/videourlredirect?&project=/bbops/bbops_IND_HOU_Indiana_Offensive_Foul_Challenge_111519
11/15/19,IND,HOU,4th,4:40,HOU,Foul,Successful,https://dmmx2.nba.com/videourlredirect?&project=/bbops/bbops_IND_HOU_Houston_Defensive_Foul_Challenge_111519
11/14/19,DAL,NYK,4th,8:36,DAL,Foul,Successful,https://dmmx2.nba.com/videourlredirect?&project=/bbops/bbops_DAL_NYK_Dallas_Defensive_Foul_Challenge_111419
11/13/19,LAC,HOU,2nd,9:50,HOU,Foul,Successful,https://dmmx2.nba.com/videourlredirect?&project=/bbops/bbops_LAC_HOU_Houston_Offensive_Foul_Challenge_111319
11/13/19,WAS,BOS,2nd,6:29,BOS,Foul,Successful,https://dmmx2.nba.com/videourlredirect?&project=/bbops/bbops_WAS_BOS_Boston_Offensive_Foul_Challenge_111319
11/13/19,SAS,MIN,4th,9:33,SAS,Foul,Unsuccessful,https://dmmx2.nba.com/videourlredirect?&project=/bbops/bbops_SAS_MIN_San_Antonio_Defensive_Foul_Challenge_111319
11/13/19,GSW,LAL,3rd,5:02,LAL,OB,Successful,https://dmmx2.nba.com/videourlredirect?&project=/bbops/bbops_GSW_LAL_Los_Angeles_Out_of_bounds_Challenge_111319
11/12/19,OKC,IND,4th,9:44,OKC,GT,Successful,https://dmmx2.nba.com/videourlredirect?&project=/bbops/bbops_OKC_IND_Oklahoma_City_Goaltending_Challenge_111219
11/12/19,DET,MIA,4th,7:18,DET,Foul,Unsuccessful,https://dmmx2.nba.com/videourlredirect?&project=/bbops/bbops_DET_MIA_Detroit_Defensive_Foul_Challenge_111219
11/12/19,NYK,CHI,2nd,1:11,NYK,Foul,Unsuccessful,https://dmmx2.nba.com/videourlredirect?&project=/bbops/bbops_NYK_CHI_New_York_Offensive_Foul_Challenge_111219
11/12/19,BKN,UTA,4th,16.9,BKN,Foul,Successful,https://dmmx2.nba.com/videourlredirect?&project=/bbops/bbops_BKN_UTA_Brooklyn_Defensive_Foul_Challenge_111219
11/12/19,POR,SAC,4th,38.4,SAC,Foul,Unsuccessful,https://dmmx2.nba.com/videourlredirect?&project=/bbops/bbops_POR_SAC_Sacramento_Loose_Ball_Foul_Challenge_111219
11/11/19,MIN,DET,4th,11:31,DET,Foul,Successful,https://dmmx2.nba.com/videourlredirect?&project=/bbops/bbops_MIN_DET_Detroit_Offensive_Foul_Challenge_111119
11/11/19,MIN,DET,4th,9.8,MIN,Foul,Unsuccessful,https://dmmx2.nba.com/videourlredirect?&project=/bbops/bbops_MIN_DET_Minnesota_Defenisve_Foul_Challenge_111119
11/11/19,MEM,SAS,4th,9.4,MEM,Foul,Successful,https://dmmx2.nba.com/videourlredirect?&project=/bbops/bbops_MEM_SAS_Memphis_Defensive_Foul_Challenge_111119
11/11/19,HOU,NOP,4th,8:11,HOU,Foul,Unsuccessful,https://dmmx2.nba.com/videourlredirect?&project=/bbops/bbops_HOU_NOP_Houston_Defensive_Foul_Challenge_111119
11/11/19,UTA,GSW,2nd,3:54,GSW,Foul,Unsuccessful,https://dmmx2.nba.com/videourlredirect?&project=/bbops/bbops_UTA_GSW_Golden_State_Defensive_Foul_Challenge_111119
11/10/19,BKN,PHX,1st,3:29,PHX,Foul,Unsuccessful,https://dmmx2.nba.com/videourlredirect?&project=/bbops/bbops_BKN_PHX_Phoenix_Defensive_Foul_Challenge_111019
11/10/19,CLE,NYK,3rd,3:09,CLE,OB,Unsuccessful,https://dmmx2.nba.com/videourlredirect?&project=/bbops/bbops_CLE_NYK_Cleveland_OB_Challenge_111019
11/10/19,CLE,NYK,4th,10:43,NYK,Foul,Unsuccessful,https://dmmx2.nba.com/videourlredirect?&project=/bbops/bbops_CLE_NYK_New_York_Offensive_Foul_Challenge_111019
11/10/19,TOR,LAL,3rd,11:39,LAL,Foul,Unsuccessful,https://dmmx2.nba.com/videourlredirect?&project=/bbops/bbops_TOR_LAL_LA_Lakers_Defensive_Foul_Challenge_111019
11/10/19,TOR,LAL,3rd,7:36,TOR,Foul,Successful,https://dmmx2.nba.com/videourlredirect?&project=/bbops/bbops_TOR_LAL_Toronto_Defensive_Foul_Challenge_111019
11/10/19,ATL,POR,4th,4:07,ATL,Foul,Unsuccessful,https://dmmx2.nba.com/videourlredirect?&project=/bbops/bbops_ATL_POR_Atlanta_Defensive_Foul_Challenge_111019
11/10/19,ATL,POR,4th,1:09,POR,Foul,Successful,https://dmmx2.nba.com/videourlredirect?&project=/bbops/bbops_ATL_POR_Portland_Defensive_Foul_Challenge_111019
11/9/19,BOS,SAS,3rd,:07,BOS,Foul,Unsuccessful,https://dmmx2.nba.com/videourlredirect?&project=/bbops/bbops_BOS_SAS_Boston_Offensive_Foul_Challenge_110919
11/9/19,HOU,CHI,2nd,7:21,CHI,Foul,Unsuccessful,https://dmmx2.nba.com/videourlredirect?&project=/bbops/bbops_HOU_CHI_Chicago_Defensive_Foul_Challenge_110919
11/9/19,GSW,OKC,4th,1:16,GSW,Foul,Successful,https://dmmx2.nba.com/videourlredirect?&project=/ON-AIR/0021900131_20191109_221350
11/8/19,CLE,WAS,4th,827,WAS,Foul,Unsuccessful,https://dmmx2.nba.com/videourlredirect?&project=/bbops/bbops_CLE_WAS_Washington_Offensive_Foul_Challenge_110819
11/8/19,CLE,WAS,4th,6:02,CLE,OB,Unsuccessful,https://dmmx2.nba.com/videourlredirect?&project=/bbops/bbops_CLE_WAS_Cleveland_Out_of_Bounds_Challenge_110819
11/8/19,DET,IND,2nd,8:06,DET,OB,Successful,https://dmmx2.nba.com/videourlredirect?&project=/bbops/bbops_DET_IND_Detroit_Out_of_Bounds_Challenge_110819
11/8/19,MEM,ORL,1st,6:52,ORL,GT,Successful,https://dmmx2.nba.com/videourlredirect?&project=/bbops/bbops_MEM_ORL_Orlando_Goaltending_Challenge_110819
11/8/19,SAC,ATL,3rd,9:06,SAC,Foul,Unsuccessful,https://dmmx2.nba.com/videourlredirect?&project=/bbops/bbops_SAC_ATL_Sacramento_Defensive_Foul_Challenge_110819
11/8/19,GSW,MIN,4th,10:36,GSW,Foul,Unsuccessful,https://dmmx2.nba.com/videourlredirect?&project=/bbops/bbops_GSW_MIN_Golden_State_Defensive_Foul_Challenge_110819
11/8/19,GSW,MIN,OT1,10.3,MIN,Foul,Unsuccessful,https://dmmx2.nba.com/videourlredirect?&project=/bbops/bbops_GSW_MIN_Minnesota_Defensive_Foul_Challenge_110819
11/8/19,TOR,NOP,4th,6:22,NOP,Foul,Unsuccessful,https://dmmx2.nba.com/videourlredirect?&project=/bbops/bbops_TOR_NOP_New_Orleans_Defenisve_Foul_Challenge_110819
11/8/19,NYK,DAL,2nd,4:24,DAL,Foul,Successful,https://dmmx2.nba.com/videourlredirect?&project=/bbops/bbops_NYK_DAL_Dallas_Defensive_Foul_Challenge_110819
11/8/19,NYK,DAL,2nd,3:10,NYK,Foul,Successful,https://dmmx2.nba.com/videourlredirect?&project=/bbops/bbops_NYK_DAL_New_York_Offensive_Foul_Challenge_110819
11/8/19,MIL,UTA,4th,53.9,MIL,Foul,Unsuccessful,https://dmmx2.nba.com/videourlredirect?&project=/bbops/bbops_MIL_UTA_Milwaukee_Defensive_Foul_110819
11/8/19,PHI,DEN,4th,4:21,DEN,Foul,Unsuccessful,https://dmmx2.nba.com/videourlredirect?&project=/bbops/bbops_PHI_DEN_Denver_Defensive_Foul_Challenge_110819
11/8/19,PHI,DEN,4th,1:16,PHI,Foul,Unsuccessful,https://dmmx2.nba.com/videourlredirect?&project=/bbops/bbops_PHI_DEN_Philadelphia_Defensive_Foul_Challenge_110819
11/8/19,BKN,POR,4th,3:30,POR,Foul,Unsuccessful,https://dmmx2.nba.com/videourlredirect?&project=/bbops/bbops_BKN_POR_Portland_Defensive_Foul_Challenge_110819
11/7/19,MIA,PHX,3rd,3:51,MIA,Foul,Unsuccessful,https://dmmx2.nba.com/videourlredirect?&project=/bbops/bbops_MIA_PHX_Miami_Defensive_Foul_Challenge_110719
11/6/19,GSW,HOU,4th,8:10,HOU,Foul,Successful,https://dmmx2.nba.com/videourlredirect?&project=/bbops/bbops_GSW_HOU_Houston_Defensive_Foul_Challenge_110619
11/6/19,MIL,LAC,4th,7:18,LAC,Foul,Unsuccessful,https://dmmx2.nba.com/videourlredirect?&project=/bbops/bbops_MIL_LAC_LA_Clippers_Offensive_Foul_Challenge_110619
11/6/19,MIL,LAC,4th,2:27,MIL,Foul,Unsuccessful,https://dmmx2.nba.com/videourlredirect?&project=/bbops/bbops_MIL_LAC_Milwaukee_Offensive_Foul_Challenge_110619
11/6/19,NYK,DET,4th,6:36,NYK,Foul,Unsuccessful,https://dmmx2.nba.com/videourlredirect?&project=/bbops/bbops_NYK_DET_New_York_Defensive_Foul_Challenge_110619
11/6/19,SAC,TOR,3rd,650,TOR,Foul,Unsuccessful,https://dmmx2.nba.com/videourlredirect?&project=/bbops/bbops_SAC_TOR_Toronto_Defensive_Foul_Challenge_110619
11/6/19,ORL,DAL,3rd,8:30,ORL,Foul,Successful,https://dmmx2.nba.com/videourlredirect?&project=/bbops/bbops_ORL_DAL_Orlando_Defensive_Foul_Challenge_110619
11/6/19,PHI,UTA,4th,9:59,UTA,Foul,Unsuccessful,https://dmmx2.nba.com/videourlredirect?&project=/bbops/bbops_PHI_UTA_Utah_Defensive_Foul_Challenge_110619
11/6/19,MIN,MEM,3rd,9:27,MIN,BI,Unsuccessful,https://dmmx2.nba.com/videourlredirect?&project=/bbops/bbops_MIN_MEM_Minnesota_Basket_Interference_Challenge_110619
11/5/19,MIA,DEN,4th,8:07,DEN,Foul,Unsuccessful,https://dmmx2.nba.com/videourlredirect?&project=/bbops/bbops_MIA_DEN_Denver_Defensive_Foul_Challenge_110519
11/4/19,DET,WAS,3rd,9:44,DET,Foul,Successful,https://dmmx2.nba.com/videourlredirect?&project=/bbops/bbops_DET_WAS_Detroit_Defensive_Foul_Challenge_110419
11/4/19,MIL,MIN,2nd,0:01,MIL,Foul,Successful,https://dmmx2.nba.com/videourlredirect?&project=/bbops/bbops_MIL_MIN_Milwaukee_Offensive_Foul_Challenge_110419
11/4/19,HOU,MEM,4th,2:17,HOU,Foul,Unsuccessful,https://dmmx2.nba.com/videourlredirect?&project=/bbops/bbops_HOU_MEM_Houston_Defensive_Foul_Challenge_110419
11/4/19,PHI,PHX,4th,2:33,PHX,Foul,Unsuccessful,https://dmmx2.nba.com/videourlredirect?&project=/bbops/bbops_PHI_PHX_Pheonix_Defensive_Foul_Challenge_110419
11/3/19,CHI,IND,4th,10:37,IND,Foul,Unsuccessful,https://dmmx2.nba.com/videourlredirect?&project=/bbops/bbops_CHI_IND_Indiana_Defensive_Foul_Challenge_110319
11/3/19,SAC,NYK,2nd,6:34,NYK,Foul,Successful,https://dmmx2.nba.com/videourlredirect?&project=/bbops/bbops_SAC_NYK_New_York_Defensive_Foul_Challenge_110319
11/3/19,UTA,LAC,4th,3:04,UTA,Foul,Successful,https://dmmx2.nba.com/videourlredirect?&project=/bbops/bbops_UTA_LAC_Utah_Offensive_Foul_Challenge_110319
11/2/19,PHI,POR,4th,:10,POR,Foul,Successful,https://dmmx2.nba.com/videourlredirect?&project=/bbops/bbops_PHI_POR_Portland_Defensive_Foul_Challenge_110219
11/2/19,TOR,MIL,4TH,1:41,TOR,Foul,Unsuccessful,https://dmmx2.nba.com/videourlredirect?&project=/bbops/bbops_TOR_MIL_Toronto_Defensive_Foul_Challenge_110219
11/2/19,DEN,ORL,2nd,4:19,ORL,Foul,Unsuccessful,https://dmmx2.nba.com/videourlredirect?&project=/bbops/bbops_DEN_ORL_Orlando_Defensive_Foul_Challenge_110219
11/2/19,NOP,OKC,2nd,7:52,OKC,GT,Unsuccessful,https://dmmx2.nba.com/videourlredirect?&project=/bbops/bbops_NOP_OKC_Oklahoma_City_Goaltending_Challenge_110219
11/1/19,NYK,BOS,4th,3:36,BOS,OB,Successful,https://dmmx2.nba.com/videourlredirect?&project=/bbops/bbops_NYK_BOS_Boston_OOB_Challenge_110119
10/31/19,MIA,ATL,2nd,3:21,MIA,Foul,Successful,https://dmmx2.nba.com/videourlredirect?&project=/bbops/bbops_MIA_ATL_Miami_Offensive_Foul_Challenge_103119
10/30/19,CHI,CLE,3rd,3:14,CHI,Foul,Successful,https://dmmx2.nba.com/videourlredirect?&project=/bbops/bbops_CHI_CLE_Chicago_Defensive_Foul_Challenge_103019
10/30/19,MIN,PHI,4th,6:01,PHI,Foul,Unsuccessful,https://dmmx2.nba.com/videourlredirect?&project=/bbops/bbops_MIN_PHX_Philadelphia_Offensive_Foul_Challenge_103019
10/30/19,DET,TOR,4th,5:36,TOR,OB,Unsuccessful,https://dmmx2.nba.com/videourlredirect?&project=/bbops/bbops_DET_TOR_Toronto_Out_of_Bounds_Challenge_103019
10/30/19,IND,BKN,2nd,:29,BKN,Foul,Successful,https://dmmx2.nba.com/videourlredirect?&project=/bbops/bbops_IND_BKN_Brooklyn_Defensive_Foul_Challenge_103019
10/30/19,IND,BKN,4th,10:20,IND,OB,Successful,https://dmmx2.nba.com/videourlredirect?&project=/bbops/bbops_IND_BKN_Indiana_Out_of_Bounds_Challenge_103019
10/30/19,MIL,BOS,2nd,:01,BOS,Foul,Unsuccessful,https://dmmx2.nba.com/videourlredirect?&project=/bbops/bbops_MIL_BOS_Boston_Defensive_Foul_Challenge_103019
10/30/19,HOU,WAS,2nd,6:16,WAS,Foul,Unsuccessful,https://dmmx2.nba.com/videourlredirect?&project=/bbops/bbops_HOU_WAS_Washington_Defensive_Foul_Challenge_103019
10/30/19,HOU,WAS,4th,:08,HOU,Foul,Unsuccessful,https://dmmx2.nba.com/videourlredirect?&project=/bbops/bbops_HOU_WAS_Houston_Defensive_Foul_Challenge_103019
10/30/19,PHX,GSW,4th,3:32,GSW,OB,Unsuccessful,https://dmmx2.nba.com/videourlredirect?&project=/bbops/bbops_PHX_GSW_Golden_State_Out_of_Bounds_Challenge_103019
10/29/19,ATL,MIA,4th,8:23,ATL,Foul,Unsuccessful,https://dmmx2.nba.com/videourlredirect?&project=/bbops/bbops_ATL_MIA_Atlanta_Defensive_Foul_Challenge_102919
10/28/19,CHI,NYK,4th,10:18,NYK,Foul,Unsuccessful,http://dmmx2.nba.com/videourlredirect?&project=/bbops/bbops_CHI_NYK_New_York_Offensive_Foul_Challenge_102819
10/28/19,IND,DET,2nd,:36,IND,GT,Successful,http://dmmx2.nba.com/videourlredirect?&project=/bbops/bbops_IND_DET_Indiana_Goaltending_Challenge_102818_v2
10/28/19,ORL,TOR,3rd,1:20,TOR,Foul,Unsuccessful,http://dmmx2.nba.com/videourlredirect?&project=/bbops/bbops_ORL_TOR_Toronto_Offensive_Foul_102819
10/28/19,PHI,ATL,2nd,3:19,PHI,Foul,Unsuccessful,http://dmmx2.nba.com/videourlredirect?&project=/bbops/bbops_PHI_ATL_Philadelphia_Offensive_Foul_Challenge_102819
10/28/19,PHI,ATL,3rd,6:30,ATL,OB,Successful,http://dmmx2.nba.com/videourlredirect?&project=/bbops/bbops_PHI_ATL_Atlanta_Out_of_Bounds_Challenge_102819
10/28/19,GSW,NOP,3rd,8:16,GSW,Foul,Successful,http://dmmx2.nba.com/videourlredirect?&project=/bbops/bbops_GSW_NOP_Golden_State_Defensive_Foul_Challenge_102819
10/28/19,OKC,HOU,2nd,4:07,HOU,Foul,Unsuccessful,http://dmmx2.nba.com/videourlredirect?&project=/bbops/bbops_OKC_HOU_Houston_Defensive_Foul_Challenge_102819
10/28/19,DEN,SAC,3rd,10:47,SAC,Foul,Successful,https://dmmx2.nba.com/videourlredirect?&project=/bbops/bbops_DEN_SAC_Sacramento_Defensive_Foul_Challenge_102819
10/28/19,UT,PHX,3rd,11:43,UT,Foul,Unsuccessful,https://dmmx2.nba.com/videourlredirect?&project=/bbops/bbops_UTA_PHX_Utah_Defensive_Foul_Challenge_102819
10/27/19,CHA,LAL,2nd,2:59,LAL,Foul,Unsuccessful,http://dmmx2.nba.com/videourlredirect?&project=/bbops/bbops_CHA_LAL_LA_Lakers_Offensive_Foul_Challenge_102719
10/27/19,POR,DAL,4th,8.4,POR,Foul,Successful,http://dmmx2.nba.com/videourlredirect?&project=/bbops/bbops_POR_DAL_Portland_Defensive_Foul_Challenge_102719
10/26/19,MIA,MIL,4th,5:54,MIL,OB,Successful,http://dmmx2.nba.com/videourlredirect?&project=/bbops/bbops_MIA_MIL_Milwaukee_OB_Challenge_102619
10/26/19,PHI,DET,2nd,8:26,DET,Foul,Unsuccessful,http://dmmx2.nba.com/videourlredirect?&project=/bbops/bbops_PHI_DET_Detroit_Defensive_Foul_Challenge_102619
10/26/19,ORL,ATL,4th,6:10,ORL,Foul,Unsuccessful,http://dmmx2.nba.com/videourlredirect?&project=/bbops/bbops_ORL_ATL_Orlando_Offensive_Foul_Challenge_102619
10/26/19,BOS,NYK,3rd,6:17,BOS,Foul,Unsuccessful,http://dmmx2.nba.com/videourlredirect?&project=/bbops/bbops_BOS_NYK_Boston_Defensive_Foul_Challenge_102619
10/26/19,IND,CLE,4th,5:45,CLE,ob,Unsuccessful,http://dmmx2.nba.com/videourlredirect?&project=/bbops/bbops_IND_CLE_Cleveland_OB_Challenge_102619
10/26/19,WAS,SAS,4th,3:17,WAS,Foul,Successful,http://dmmx2.nba.com/videourlredirect?&project=/bbops/bbops_WAS_SAS_Washington_Defensive_Foul_Challenge_102619
10/26/19,SAC,UT,2nd,4:00,UTA,Foul,Successful,http://dmmx2.nba.com/videourlredirect?&project=/bbops/bbops_SAC_UTA_Utah_Defensive_Foul_Challenge_102619
10/26/19,LAC,PHX,3rd,3:37,PHX,Foul,Unsuccessful,http://dmmx2.nba.com/videourlredirect?&project=/bbops/bbops_LAC_PHX_Phoenix_Defensive_Foul_Challenge_102619
10/26/19,LAC,PHX,4th,:33,LAC,Foul,Unsuccessful,http://dmmx2.nba.com/videourlredirect?&project=/bbops/bbops_LAC_PHX_LA_Clippers_Defensive_Foul_Challenge_102619
10/25/19,TOR,BOS,2nd,0.3,BOS,Foul,Successful,http://dmmx2.nba.com/videourlredirect?&project=/bbops/bbops_TOR_BOS_Boston_Defensive_Foul_Challenge_102519
10/25/19,MIN,CHA,3rd,5:54,CHA,Foul,Unsuccessful,http://dmmx2.nba.com/videourlredirect?&project=/bbops/bbops_MIN_CHA_Charlotte_Defensive_Foul_Challenge_102519
10/25/19,TOR,BOS,4th,1:31,TOR,Foul,Unsuccessful,http://dmmx2.nba.com/videourlredirect?&project=/bbops/bbops_TOR_BOS_Toronto_Offensive_Foul_Challenge_102519
10/25/19,NYK,BKN,4th,8:58,NYK,Foul,Unsuccessful,http://dmmx2.nba.com/videourlredirect?&project=/bbops/bbops_NYK_BKN_New_York_Defensive_Foul_Challenge_102519
10/25/19,DAL,NOP,4th,8:28,DAL,Foul,Unsuccessful,http://dmmx2.nba.com/videourlredirect?&project=/bbops/bbops_DAL_NOP_Dallas_Defensive_Foul_Challenge_102519
10/25/19,POR,SAC,4th,6:24,SAC,GT,Unsuccessful,http://dmmx2.nba.com/videourlredirect?&project=/bbops/bbops_POR_SAC_Sacramento_Basket_Interference_Challenge_102519
10/25/19,POR,SAC,4th,3:19,POR,Foul,Successful,http://dmmx2.nba.com/videourlredirect?&project=/bbops/bbops_POR_SAC_Portland_Defensive_Foul_Challenge_102519
10/24/19,MIL,HOU,1st,7:24,HOU,Foul,Successful,http://dmmx2.nba.com/videourlredirect?&project=/bbops/bbops_MIL_HOU_Houston_Defensive_Foul_Challenge_102419
10/24/19,MIL,HOU,1st,2:11,MIL,Foul,Successful,http://dmmx2.nba.com/videourlredirect?&project=/bbops/bbops_MIL_HOU_Milwaukee_Defensive_Foul_Challenge_102419
10/24/19,LAC,GSW,2nd,2:23,GSW,Foul,Unsuccessful,http://dmmx2.nba.com/videourlredirect?&project=/bbops/bbops_LAC_GSW_Golden_State_Defensive_Foul_Challenge_102419
10/23/19,MEM,MIA,4th,4:57,MIA,Foul,Unsuccessful,http://dmmx2.nba.com/videourlredirect?&project=/bbops/bbops_MEM_MIA_Miami_Defensive_Foul_Challenge_102319
10/23/19,BOS,PHI,3rd,11:16,PHI,Foul,Unsuccessful,http://dmmx2.nba.com/videourlredirect?&project=/bbops/bbops_BOS_PHI_Philadelphia_Defensive_Foul_Challenge_102319
10/23/19,WAS,DAL,3rd,6:57,WAS,Foul,Unsuccessful,http://dmmx2.nba.com/videourlredirect?&project=/bbops/bbops_WAS_DAL_Washington_Defensive_Foul_Challenge_102319
10/23/19,SAC,PHX,3rd,10:03,PHX,OB,Successful,http://dmmx2.nba.com/videourlredirect?&project=/bbops/bbops_SAC_PHX_Phoenix_OB_Challenge_102319
10/23/19,DEN,POR,4th,:15,POR,Foul,Unsuccessful,http://dmmx2.nba.com/videourlredirect?&project=/bbops/bbops_DEN_POR_Portland_Defensive_Foul_Challenge_102319
10/22/19,NOP,TOR,1st,2:44,TOR,Foul,Unsuccessful,http://dmmx2.nba.com/videourlredirect?&project=/bbops/bbops_NOP_TOR_Toronto_Offensive_Foul_Challenge_102219
10/22/19,NOP,TOR,3rd,2:41,NOP,Foul,Unsuccessful,http://dmmx2.nba.com/videourlredirect?&project=/bbops/bbops_NOP_TOR_New_Orleans_Loose_Ball_Foul_Challenge_102219
10/22/19,LAL,LAC,1st,4:56,LAL,Foul,Unsuccessful,http://dmmx2.nba.com/videourlredirect?&project=/bbops/bbops_LAL_LAC_LA_Lakers_Defensive_Foul_Challenge_102219