date,start_et,away,away_pts,home,home_pts,ot,attendance,notes
10/22/19,8:00p,New Orleans Pelicans,122,Toronto Raptors,130,OT,20787,
10/22/19,10:30p,Los Angeles Lakers,102,Los Angeles Clippers,112,,19068,
10/23/19,7:00p,Chicago Bulls,125,Charlotte Hornets,126,,15424,
10/23/19,7:00p,Detroit Pistons,119,Indiana Pacers,110,,17923,
10/23/19,7:00p,Cleveland Cavaliers,85,Orlando Magic,94,,18846,
10/23/19,7:30p,Minnesota Timberwolves,127,Brooklyn Nets,126,OT,17732,
10/23/19,7:30p,Memphis Grizzlies,101,Miami Heat,120,,19600,
10/23/19,7:30p,Boston Celtics,93,Philadelphia 76ers,107,,20422,
10/23/19,8:30p,Washington Wizards,100,Dallas Mavericks,108,,19816,
10/23/19,8:30p,New York Knicks,111,San Antonio Spurs,120,,18354,
10/23/19,9:00p,Oklahoma City Thunder,95,Utah Jazz,100,,18306,
10/23/19,10:00p,Sacramento Kings,95,Phoenix Suns,124,,18055,
10/23/19,10:00p,Denver Nuggets,108,Portland Trail Blazers,100,,19991,
10/24/19,7:00p,Atlanta Hawks,117,Detroit Pistons,100,,20338,
10/24/19,8:00p,Milwaukee Bucks,117,Houston Rockets,111,,18055,
10/24/19,10:30p,Los Angeles Clippers,141,Golden State Warriors,122,,18064,
10/25/19,7:00p,Toronto Raptors,106,Boston Celtics,112,,18624,
10/25/19,7:00p,Minnesota Timberwolves,121,Charlotte Hornets,99,,14879,
10/25/19,7:30p,New York Knicks,109,Brooklyn Nets,113,,17732,
10/25/19,8:00p,Chicago Bulls,110,Memphis Grizzlies,102,,17794,
10/25/19,8:00p,Dallas Mavericks,123,New Orleans Pelicans,116,,17027,
10/25/19,8:00p,Washington Wizards,97,Oklahoma City Thunder,85,,18203,
10/25/19,9:00p,Phoenix Suns,107,Denver Nuggets,108,OT,19557,
10/25/19,10:00p,Portland Trail Blazers,122,Sacramento Kings,112,,17583,
10/25/19,10:30p,Utah Jazz,86,Los Angeles Lakers,95,,18997,
10/26/19,5:00p,Miami Heat,131,Milwaukee Bucks,126,OT,17467,
10/26/19,7:00p,Philadelphia 76ers,117,Detroit Pistons,111,,16207,
10/26/19,7:30p,Orlando Magic,99,Atlanta Hawks,103,,17078,
10/26/19,7:30p,Boston Celtics,118,New York Knicks,95,,19812,
10/26/19,8:00p,Toronto Raptors,108,Chicago Bulls,84,,21498,
10/26/19,8:00p,Indiana Pacers,99,Cleveland Cavaliers,110,,19432,
10/26/19,8:00p,New Orleans Pelicans,123,Houston Rockets,126,,18055,
10/26/19,8:30p,Washington Wizards,122,San Antonio Spurs,124,,18354,
10/26/19,9:00p,Sacramento Kings,81,Utah Jazz,113,,18306,
10/26/19,10:00p,Los Angeles Clippers,122,Phoenix Suns,130,,15802,
10/27/19,3:30p,Golden State Warriors,92,Oklahoma City Thunder,120,,18203,
10/27/19,6:00p,Brooklyn Nets,133,Memphis Grizzlies,134,OT,15517,
10/27/19,7:00p,Portland Trail Blazers,121,Dallas Mavericks,119,,19707,
10/27/19,7:00p,Miami Heat,109,Minnesota Timberwolves,116,,17049,
10/27/19,9:30p,Charlotte Hornets,101,Los Angeles Lakers,120,,18997,
10/28/19,7:00p,Chicago Bulls,98,New York Knicks,105,,19812,
10/28/19,7:00p,Indiana Pacers,94,Detroit Pistons,96,,13565,
10/28/19,7:30p,Orlando Magic,95,Toronto Raptors,104,,19800,
10/28/19,7:30p,Philadelphia 76ers,105,Atlanta Hawks,103,,14094,
10/28/19,8:00p,Oklahoma City Thunder,112,Houston Rockets,116,,18055,
10/28/19,8:00p,Cleveland Cavaliers,112,Milwaukee Bucks,129,,17385,
10/28/19,8:00p,Golden State Warriors,134,New Orleans Pelicans,123,,17307,
10/28/19,8:30p,Portland Trail Blazers,110,San Antonio Spurs,113,,18083,
10/28/19,10:00p,Utah Jazz,96,Phoenix Suns,95,,14805,
10/28/19,10:00p,Denver Nuggets,101,Sacramento Kings,94,,15870,
10/28/19,10:30p,Charlotte Hornets,96,Los Angeles Clippers,111,,19068,
10/29/19,7:30p,Atlanta Hawks,97,Miami Heat,112,,19600,
10/29/19,9:00p,Dallas Mavericks,109,Denver Nuggets,106,,16605,
10/29/19,10:30p,Memphis Grizzlies,91,Los Angeles Lakers,120,,18997,
10/30/19,7:00p,Chicago Bulls,111,Cleveland Cavaliers,117,,17595,
10/30/19,7:00p,New York Knicks,83,Orlando Magic,95,,17456,
10/30/19,7:00p,Minnesota Timberwolves,95,Philadelphia 76ers,117,,20204,
10/30/19,7:30p,Milwaukee Bucks,105,Boston Celtics,116,,18624,
10/30/19,7:30p,Indiana Pacers,118,Brooklyn Nets,108,,17083,
10/30/19,7:30p,Detroit Pistons,113,Toronto Raptors,125,,19800,
10/30/19,8:00p,Portland Trail Blazers,102,Oklahoma City Thunder,99,,18203,
10/30/19,8:00p,Houston Rockets,159,Washington Wizards,158,,20476,
10/30/19,10:00p,Charlotte Hornets,118,Sacramento Kings,111,,15416,
10/30/19,10:00p,Los Angeles Clippers,96,Utah Jazz,110,,18306,
10/30/19,10:30p,Phoenix Suns,121,Golden State Warriors,110,,18064,
10/31/19,7:00p,Miami Heat,106,Atlanta Hawks,97,,16539,
10/31/19,9:30p,Denver Nuggets,107,New Orleans Pelicans,122,,16613,
10/31/19,10:30p,San Antonio Spurs,97,Los Angeles Clippers,103,,19068,
11/1/19,7:00p,Houston Rockets,116,Brooklyn Nets,123,,17732,
11/1/19,7:00p,Cleveland Cavaliers,95,Indiana Pacers,102,,16079,
11/1/19,7:00p,Milwaukee Bucks,123,Orlando Magic,91,,15105,
11/1/19,7:30p,New York Knicks,102,Boston Celtics,104,,18624,
11/1/19,8:00p,Detroit Pistons,106,Chicago Bulls,112,,20671,
11/1/19,9:30p,Los Angeles Lakers,119,Dallas Mavericks,110,OT,20358,
11/1/19,10:00p,Utah Jazz,101,Sacramento Kings,102,,16273,
11/1/19,10:30p,San Antonio Spurs,127,Golden State Warriors,110,,18064,
11/2/19,5:00p,New Orleans Pelicans,104,Oklahoma City Thunder,115,,18203,
11/2/19,7:00p,Brooklyn Nets,109,Detroit Pistons,113,,17222,
11/2/19,7:00p,Denver Nuggets,91,Orlando Magic,87,,17025,
11/2/19,8:00p,Phoenix Suns,114,Memphis Grizzlies,105,,14144,
11/2/19,8:00p,Toronto Raptors,105,Milwaukee Bucks,115,,17637,
11/2/19,8:00p,Minnesota Timberwolves,131,Washington Wizards,109,,15150,
11/2/19,8:30p,Charlotte Hornets,93,Golden State Warriors,87,,18064,
11/2/19,10:00p,Philadelphia 76ers,129,Portland Trail Blazers,128,,19669,
11/3/19,5:00p,Chicago Bulls,95,Indiana Pacers,108,,17073,
11/3/19,6:00p,Houston Rockets,100,Miami Heat,129,,19724,
11/3/19,6:00p,Sacramento Kings,113,New York Knicks,92,,19812,
11/3/19,7:00p,Los Angeles Lakers,103,San Antonio Spurs,96,,18610,
11/3/19,7:30p,Dallas Mavericks,131,Cleveland Cavaliers,111,,18078,
11/3/19,9:00p,Utah Jazz,94,Los Angeles Clippers,105,,19068,
11/4/19,7:00p,Detroit Pistons,99,Washington Wizards,115,,13052,
11/4/19,7:30p,New Orleans Pelicans,125,Brooklyn Nets,135,,17194,
11/4/19,8:00p,Houston Rockets,107,Memphis Grizzlies,100,,14197,
11/4/19,8:00p,Milwaukee Bucks,134,Minnesota Timberwolves,106,,16271,
11/4/19,9:00p,Philadelphia 76ers,109,Phoenix Suns,114,,14285,
11/4/19,10:30p,Portland Trail Blazers,118,Golden State Warriors,127,,18064,
11/5/19,7:00p,Indiana Pacers,120,Charlotte Hornets,122,OT,13341,
11/5/19,7:00p,Boston Celtics,119,Cleveland Cavaliers,113,,17709,
11/5/19,7:30p,San Antonio Spurs,100,Atlanta Hawks,108,,14025,
11/5/19,8:00p,Los Angeles Lakers,118,Chicago Bulls,112,,21193,
11/5/19,8:00p,Orlando Magic,94,Oklahoma City Thunder,102,,18203,
11/5/19,9:00p,Miami Heat,89,Denver Nuggets,109,,18010,
11/6/19,7:00p,New York Knicks,102,Detroit Pistons,122,,15463,
11/6/19,7:00p,Washington Wizards,106,Indiana Pacers,121,,16171,
11/6/19,7:30p,Chicago Bulls,113,Atlanta Hawks,93,,15049,
11/6/19,7:30p,Golden State Warriors,112,Houston Rockets,129,,18055,
11/6/19,7:30p,Sacramento Kings,120,Toronto Raptors,124,,19800,
11/6/19,8:00p,Minnesota Timberwolves,121,Memphis Grizzlies,137,,13503,
11/6/19,8:30p,Orlando Magic,106,Dallas Mavericks,107,,19487,
11/6/19,9:00p,Philadelphia 76ers,104,Utah Jazz,106,,18306,
11/6/19,10:00p,Milwaukee Bucks,129,Los Angeles Clippers,124,,19068,
11/7/19,8:00p,Boston Celtics,108,Charlotte Hornets,87,,18487,
11/7/19,8:30p,Oklahoma City Thunder,112,San Antonio Spurs,121,,18354,
11/7/19,9:00p,Miami Heat,124,Phoenix Suns,108,,15498,
11/7/19,10:30p,Portland Trail Blazers,101,Los Angeles Clippers,107,,19068,
11/8/19,7:00p,Detroit Pistons,106,Indiana Pacers,112,,15544,
11/8/19,7:00p,Memphis Grizzlies,86,Orlando Magic,118,,17021,
11/8/19,7:00p,Cleveland Cavaliers,113,Washington Wizards,100,,16946,
11/8/19,7:30p,Sacramento Kings,121,Atlanta Hawks,109,,16447,
11/8/19,8:00p,Golden State Warriors,119,Minnesota Timberwolves,125,OT,15647,
11/8/19,8:00p,Toronto Raptors,122,New Orleans Pelicans,104,,16337,
11/8/19,8:30p,New York Knicks,106,Dallas Mavericks,102,,20257,
11/8/19,9:00p,Philadelphia 76ers,97,Denver Nuggets,100,,19520,
11/8/19,9:00p,Milwaukee Bucks,100,Utah Jazz,103,,18306,
11/8/19,10:00p,Brooklyn Nets,119,Portland Trail Blazers,115,,20089,
11/8/19,10:30p,Miami Heat,80,Los Angeles Lakers,95,,18997,
11/9/19,5:00p,Boston Celtics,135,San Antonio Spurs,115,,18354,
11/9/19,7:00p,New Orleans Pelicans,115,Charlotte Hornets,110,,18513,
11/9/19,8:00p,Houston Rockets,117,Chicago Bulls,94,,20482,
11/9/19,8:00p,Dallas Mavericks,138,Memphis Grizzlies,122,,15753,
11/9/19,8:00p,Golden State Warriors,108,Oklahoma City Thunder,114,,18203,
11/10/19,3:30p,Denver Nuggets,100,Minnesota Timberwolves,98,OT,13553,
11/10/19,6:00p,Indiana Pacers,109,Orlando Magic,102,,17118,
11/10/19,6:00p,Charlotte Hornets,106,Philadelphia 76ers,114,,20311,
11/10/19,7:00p,Milwaukee Bucks,121,Oklahoma City Thunder,119,,18203,
11/10/19,7:30p,Cleveland Cavaliers,108,New York Knicks,87,,19812,
11/10/19,8:00p,Brooklyn Nets,112,Phoenix Suns,138,,17290,
11/10/19,9:00p,Atlanta Hawks,113,Portland Trail Blazers,124,OT,20041,
11/10/19,9:30p,Toronto Raptors,113,Los Angeles Lakers,104,,18997,
11/11/19,7:00p,Minnesota Timberwolves,120,Detroit Pistons,114,,12526,
11/11/19,7:30p,Dallas Mavericks,106,Boston Celtics,116,,18624,
11/11/19,7:30p,Memphis Grizzlies,113,San Antonio Spurs,109,,18627,
11/11/19,8:00p,Houston Rockets,122,New Orleans Pelicans,116,,16695,
11/11/19,10:30p,Utah Jazz,122,Golden State Warriors,108,,18064,
11/11/19,10:30p,Toronto Raptors,88,Los Angeles Clippers,98,,19068,
11/12/19,7:00p,Oklahoma City Thunder,85,Indiana Pacers,111,,15838,
11/12/19,7:00p,Cleveland Cavaliers,97,Philadelphia 76ers,98,,20294,
11/12/19,7:30p,Detroit Pistons,108,Miami Heat,117,,19600,
11/12/19,8:00p,New York Knicks,102,Chicago Bulls,120,,18668,
11/12/19,9:00p,Atlanta Hawks,125,Denver Nuggets,121,,18327,
11/12/19,9:00p,Los Angeles Lakers,123,Phoenix Suns,115,,18055,
11/12/19,9:00p,Brooklyn Nets,114,Utah Jazz,119,,18306,
11/12/19,10:00p,Portland Trail Blazers,99,Sacramento Kings,107,,16358,
11/13/19,7:00p,Memphis Grizzlies,119,Charlotte Hornets,117,,13155,
11/13/19,7:00p,Philadelphia 76ers,97,Orlando Magic,112,,15113,
11/13/19,7:30p,Washington Wizards,133,Boston Celtics,140,,19156,
11/13/19,7:30p,Los Angeles Clippers,93,Houston Rockets,102,,18055,
11/13/19,8:00p,San Antonio Spurs,114,Minnesota Timberwolves,129,,11581,
11/13/19,10:00p,Golden State Warriors,94,Los Angeles Lakers,120,,18997,
11/13/19,10:00p,Toronto Raptors,114,Portland Trail Blazers,106,,19544,
11/14/19,6:00p,Miami Heat,108,Cleveland Cavaliers,97,,17374,
11/14/19,8:00p,Chicago Bulls,115,Milwaukee Bucks,124,,17627,
11/14/19,8:00p,Los Angeles Clippers,127,New Orleans Pelicans,132,,17147,
11/14/19,8:00p,Dallas Mavericks,103,New York Knicks,106,,19812,
11/14/19,9:00p,Atlanta Hawks,112,Phoenix Suns,128,,15143,
11/14/19,10:30p,Brooklyn Nets,93,Denver Nuggets,101,,18394,
11/15/19,7:00p,Detroit Pistons,106,Charlotte Hornets,109,,16778,
11/15/19,7:00p,San Antonio Spurs,109,Orlando Magic,111,,16296,
11/15/19,8:00p,Indiana Pacers,102,Houston Rockets,111,,18055,
11/15/19,8:00p,Utah Jazz,106,Memphis Grizzlies,107,,16422,
11/15/19,8:00p,Washington Wizards,137,Minnesota Timberwolves,116,,12716,
11/15/19,8:00p,Philadelphia 76ers,119,Oklahoma City Thunder,127,OT,18203,
11/15/19,10:30p,Boston Celtics,105,Golden State Warriors,100,,18064,
11/15/19,10:30p,Sacramento Kings,97,Los Angeles Lakers,99,,18997,
11/16/19,6:00p,Brooklyn Nets,117,Chicago Bulls,111,,19148,
11/16/19,7:00p,Milwaukee Bucks,102,Indiana Pacers,83,,17024,
11/16/19,7:30p,Charlotte Hornets,103,New York Knicks,102,,19401,
11/16/19,8:00p,New Orleans Pelicans,94,Miami Heat,109,,19600,
11/16/19,8:00p,Houston Rockets,125,Minnesota Timberwolves,105,,18978,
11/16/19,8:30p,Toronto Raptors,102,Dallas Mavericks,110,,19926,
11/16/19,8:30p,Portland Trail Blazers,121,San Antonio Spurs,116,,18534,
11/16/19,10:30p,Atlanta Hawks,101,Los Angeles Clippers,150,,19068,
11/17/19,3:00p,Philadelphia 76ers,114,Cleveland Cavaliers,95,,19432,
11/17/19,3:30p,Boston Celtics,99,Sacramento Kings,100,,16633,
11/17/19,6:00p,Denver Nuggets,131,Memphis Grizzlies,114,,14227,
11/17/19,6:00p,Washington Wizards,121,Orlando Magic,125,,16344,
11/17/19,7:00p,Golden State Warriors,100,New Orleans Pelicans,108,,16812,
11/17/19,9:30p,Atlanta Hawks,101,Los Angeles Lakers,122,,18997,
11/18/19,7:00p,Cleveland Cavaliers,105,New York Knicks,123,,17097,
11/18/19,7:30p,Indiana Pacers,115,Brooklyn Nets,86,,14140,
11/18/19,7:30p,Charlotte Hornets,96,Toronto Raptors,132,,19800,
11/18/19,8:00p,Milwaukee Bucks,115,Chicago Bulls,101,,17565,
11/18/19,8:00p,Portland Trail Blazers,108,Houston Rockets,132,,18055,
11/18/19,8:30p,San Antonio Spurs,110,Dallas Mavericks,117,,19637,
11/18/19,9:00p,Boston Celtics,99,Phoenix Suns,85,,15193,
11/18/19,9:00p,Minnesota Timberwolves,112,Utah Jazz,102,,18306,
11/18/19,10:30p,Oklahoma City Thunder,88,Los Angeles Clippers,90,,19068,
11/19/19,8:00p,Golden State Warriors,114,Memphis Grizzlies,95,,14511,
11/19/19,8:00p,Portland Trail Blazers,104,New Orleans Pelicans,115,,15021,
11/19/19,10:00p,Phoenix Suns,116,Sacramento Kings,120,,16732,
11/19/19,10:30p,Oklahoma City Thunder,107,Los Angeles Lakers,112,,18997,
11/20/19,7:00p,New York Knicks,104,Philadelphia 76ers,109,,20384,
11/20/19,7:00p,San Antonio Spurs,132,Washington Wizards,138,,14579,
11/20/19,7:30p,Milwaukee Bucks,135,Atlanta Hawks,127,,16441,
11/20/19,7:30p,Charlotte Hornets,91,Brooklyn Nets,101,,14011,
11/20/19,7:30p,Golden State Warriors,94,Dallas Mavericks,142,,19569,
11/20/19,7:30p,Cleveland Cavaliers,100,Miami Heat,124,,19600,
11/20/19,7:30p,Orlando Magic,97,Toronto Raptors,113,,19800,
11/20/19,8:00p,Detroit Pistons,89,Chicago Bulls,109,,18119,
11/20/19,8:00p,Utah Jazz,103,Minnesota Timberwolves,95,,13177,
11/20/19,9:00p,Houston Rockets,95,Denver Nuggets,105,,17778,
11/20/19,10:00p,Boston Celtics,104,Los Angeles Clippers,107,OT,19068,
11/21/19,8:00p,Portland Trail Blazers,129,Milwaukee Bucks,137,,17385,
11/21/19,10:30p,New Orleans Pelicans,124,Phoenix Suns,121,,13903,
11/22/19,7:00p,Atlanta Hawks,103,Detroit Pistons,128,,15399,
11/22/19,7:00p,Charlotte Hornets,118,Washington Wizards,125,,15053,
11/22/19,7:30p,Sacramento Kings,97,Brooklyn Nets,116,,15619,
11/22/19,8:00p,Miami Heat,116,Chicago Bulls,108,,18953,
11/22/19,8:00p,Los Angeles Lakers,130,Oklahoma City Thunder,127,,18203,
11/22/19,8:00p,San Antonio Spurs,104,Philadelphia 76ers,115,,20927,
11/22/19,8:30p,Cleveland Cavaliers,101,Dallas Mavericks,143,,19639,
11/22/19,9:00p,Boston Celtics,92,Denver Nuggets,96,,19520,
11/22/19,9:00p,Golden State Warriors,109,Utah Jazz,113,,18306,
11/22/19,10:30p,Houston Rockets,119,Los Angeles Clippers,122,,19068,
11/23/19,5:00p,Phoenix Suns,100,Minnesota Timberwolves,98,,17362,
11/23/19,7:00p,Chicago Bulls,116,Charlotte Hornets,115,,17891,
11/23/19,7:00p,Orlando Magic,106,Indiana Pacers,111,,16446,
11/23/19,7:30p,Toronto Raptors,119,Atlanta Hawks,116,,16931,
11/23/19,7:30p,San Antonio Spurs,111,New York Knicks,104,,19320,
11/23/19,7:30p,Miami Heat,86,Philadelphia 76ers,113,,21017,
11/23/19,8:00p,Portland Trail Blazers,104,Cleveland Cavaliers,110,,19432,
11/23/19,8:00p,Los Angeles Lakers,109,Memphis Grizzlies,108,,17794,
11/23/19,8:30p,Detroit Pistons,90,Milwaukee Bucks,104,,17585,
11/23/19,9:00p,New Orleans Pelicans,120,Utah Jazz,128,,18306,
11/24/19,3:30p,Dallas Mavericks,137,Houston Rockets,123,,18055,
11/24/19,6:00p,Brooklyn Nets,103,New York Knicks,101,,18770,
11/24/19,6:00p,Sacramento Kings,113,Washington Wizards,106,,15885,
11/24/19,8:00p,Phoenix Suns,104,Denver Nuggets,116,,19520,
11/24/19,9:00p,New Orleans Pelicans,109,Los Angeles Clippers,134,,19068,
11/25/19,7:00p,Brooklyn Nets,108,Cleveland Cavaliers,106,,17143,
11/25/19,7:00p,Orlando Magic,88,Detroit Pistons,103,,14695,
11/25/19,7:00p,Memphis Grizzlies,114,Indiana Pacers,126,,15141,
11/25/19,7:30p,Minnesota Timberwolves,125,Atlanta Hawks,113,,16218,
11/25/19,7:30p,Sacramento Kings,102,Boston Celtics,103,,19156,
11/25/19,7:30p,Charlotte Hornets,100,Miami Heat,117,,19600,
11/25/19,7:30p,Philadelphia 76ers,96,Toronto Raptors,101,,19800,
11/25/19,8:00p,Portland Trail Blazers,117,Chicago Bulls,94,,18776,
11/25/19,8:00p,Utah Jazz,118,Milwaukee Bucks,122,,17385,
11/25/19,8:30p,Los Angeles Lakers,114,San Antonio Spurs,104,,18498,
11/25/19,10:30p,Oklahoma City Thunder,100,Golden State Warriors,97,,18064,
11/26/19,8:30p,Los Angeles Clippers,114,Dallas Mavericks,99,,20407,
11/26/19,9:00p,Washington Wizards,104,Denver Nuggets,117,,18673,
11/27/19,7:00p,Brooklyn Nets,110,Boston Celtics,121,,19156,
11/27/19,7:00p,Detroit Pistons,101,Charlotte Hornets,102,,15535,
11/27/19,7:00p,Orlando Magic,116,Cleveland Cavaliers,104,,17712,
11/27/19,7:00p,Utah Jazz,102,Indiana Pacers,121,,17027,
11/27/19,7:00p,Sacramento Kings,91,Philadelphia 76ers,97,,20592,
11/27/19,7:30p,New York Knicks,98,Toronto Raptors,126,,19800,
11/27/19,8:00p,Miami Heat,108,Houston Rockets,117,,18055,
11/27/19,8:00p,Los Angeles Clippers,121,Memphis Grizzlies,119,,16721,
11/27/19,8:00p,Atlanta Hawks,102,Milwaukee Bucks,111,,17525,
11/27/19,8:30p,Minnesota Timberwolves,113,San Antonio Spurs,101,,18354,
11/27/19,9:00p,Washington Wizards,140,Phoenix Suns,132,,14123,
11/27/19,9:30p,Los Angeles Lakers,114,New Orleans Pelicans,110,,18626,
11/27/19,10:00p,Oklahoma City Thunder,119,Portland Trail Blazers,136,,19870,
11/27/19,10:30p,Chicago Bulls,90,Golden State Warriors,104,,18064,
11/29/19,12:00p,Boston Celtics,107,Brooklyn Nets,112,,17732,
11/29/19,7:00p,Charlotte Hornets,110,Detroit Pistons,107,,15006,
11/29/19,7:00p,Toronto Raptors,90,Orlando Magic,83,,17014,
11/29/19,7:30p,Milwaukee Bucks,119,Cleveland Cavaliers,110,,19432,
11/29/19,7:30p,Philadelphia 76ers,101,New York Knicks,95,,18109,
11/29/19,8:00p,Atlanta Hawks,104,Indiana Pacers,105,OT,15827,
11/29/19,8:00p,Utah Jazz,103,Memphis Grizzlies,94,,16605,
11/29/19,8:00p,Golden State Warriors,105,Miami Heat,122,,19600,
11/29/19,8:00p,New Orleans Pelicans,104,Oklahoma City Thunder,109,,18203,
11/29/19,8:30p,Los Angeles Clippers,97,San Antonio Spurs,107,,18354,
11/29/19,9:00p,Dallas Mavericks,120,Phoenix Suns,113,,18055,
11/29/19,10:00p,Chicago Bulls,103,Portland Trail Blazers,107,,20139,
11/29/19,10:30p,Washington Wizards,103,Los Angeles Lakers,125,,18997,
11/30/19,5:00p,Denver Nuggets,97,Sacramento Kings,100,OT,17583,
11/30/19,7:00p,Indiana Pacers,116,Philadelphia 76ers,119,,20517,
11/30/19,8:00p,Atlanta Hawks,111,Houston Rockets,158,,18055,
11/30/19,8:00p,Charlotte Hornets,96,Milwaukee Bucks,137,,17550,
12/1/19,3:00p,Miami Heat,109,Brooklyn Nets,106,,17026,
12/1/19,3:30p,Memphis Grizzlies,115,Minnesota Timberwolves,107,,12276,
12/1/19,3:30p,Boston Celtics,113,New York Knicks,104,,18005,
12/1/19,4:00p,Dallas Mavericks,114,Los Angeles Lakers,100,,18997,
12/1/19,5:00p,San Antonio Spurs,98,Detroit Pistons,132,,14270,
12/1/19,5:00p,Oklahoma City Thunder,107,New Orleans Pelicans,104,,15427,
12/1/19,6:00p,Golden State Warriors,96,Orlando Magic,100,,15052,
12/1/19,6:00p,Utah Jazz,110,Toronto Raptors,130,,18132,
12/1/19,10:30p,Washington Wizards,125,Los Angeles Clippers,150,,19068,
12/2/19,7:00p,Phoenix Suns,109,Charlotte Hornets,104,,11221,
12/2/19,7:00p,Utah Jazz,94,Philadelphia 76ers,103,,20208,
12/2/19,7:30p,Golden State Warriors,79,Atlanta Hawks,104,,14278,
12/2/19,8:00p,Indiana Pacers,117,Memphis Grizzlies,104,,11919,
12/2/19,8:00p,New York Knicks,88,Milwaukee Bucks,132,,17385,
12/2/19,10:00p,Chicago Bulls,113,Sacramento Kings,106,,17257,
12/3/19,7:00p,Detroit Pistons,127,Cleveland Cavaliers,94,,17504,
12/3/19,7:00p,Orlando Magic,127,Washington Wizards,120,,13159,
12/3/19,7:30p,Dallas Mavericks,118,New Orleans Pelicans,97,,14664,
12/3/19,7:30p,Miami Heat,121,Toronto Raptors,110,OT,19800,
12/3/19,8:30p,Houston Rockets,133,San Antonio Spurs,135,2OT,18354,
12/3/19,9:00p,Los Angeles Lakers,105,Denver Nuggets,96,,19658,
12/3/19,10:00p,Portland Trail Blazers,97,Los Angeles Clippers,117,,19068,
12/4/19,7:00p,Golden State Warriors,91,Charlotte Hornets,106,,14355,
12/4/19,7:00p,Milwaukee Bucks,127,Detroit Pistons,103,,15742,
12/4/19,7:00p,Phoenix Suns,114,Orlando Magic,128,,15176,
12/4/19,7:30p,Brooklyn Nets,130,Atlanta Hawks,118,,15694,
12/4/19,7:30p,Miami Heat,93,Boston Celtics,112,,19156,
12/4/19,8:00p,Memphis Grizzlies,99,Chicago Bulls,106,,15017,
12/4/19,8:00p,Indiana Pacers,107,Oklahoma City Thunder,100,,18203,
12/4/19,8:30p,Minnesota Timberwolves,114,Dallas Mavericks,121,,19671,
12/4/19,9:00p,Los Angeles Lakers,121,Utah Jazz,96,,18306,
12/4/19,10:00p,Sacramento Kings,116,Portland Trail Blazers,127,,19393,
12/5/19,7:00p,Philadelphia 76ers,113,Washington Wizards,119,,16554,
12/5/19,7:30p,Denver Nuggets,129,New York Knicks,92,,18171,
12/5/19,7:30p,Houston Rockets,119,Toronto Raptors,109,,19800,
12/5/19,8:00p,Phoenix Suns,139,New Orleans Pelicans,132,OT,15607,
12/6/19,7:00p,Brooklyn Nets,111,Charlotte Hornets,104,,15075,
12/6/19,7:00p,Orlando Magic,93,Cleveland Cavaliers,87,,18446,
12/6/19,7:00p,Indiana Pacers,101,Detroit Pistons,108,,14894,
12/6/19,8:00p,Denver Nuggets,95,Boston Celtics,108,,19156,
12/6/19,8:00p,Golden State Warriors,100,Chicago Bulls,98,,18841,
12/6/19,8:00p,Washington Wizards,103,Miami Heat,112,,19600,
12/6/19,8:00p,Minnesota Timberwolves,127,Oklahoma City Thunder,139,OT,18203,
12/6/19,8:30p,Los Angeles Clippers,91,Milwaukee Bucks,119,,17732,
12/6/19,8:30p,Sacramento Kings,104,San Antonio Spurs,105,OT,18354,
12/6/19,10:30p,Los Angeles Lakers,136,Portland Trail Blazers,113,,19912,
12/7/19,2:00p,New Orleans Pelicans,84,Dallas Mavericks,130,,19456,
12/7/19,7:30p,Indiana Pacers,104,New York Knicks,103,,19110,
12/7/19,7:30p,Cleveland Cavaliers,94,Philadelphia 76ers,141,,20844,
12/7/19,8:00p,Phoenix Suns,109,Houston Rockets,115,,18055,
12/7/19,10:00p,Memphis Grizzlies,112,Utah Jazz,126,,18306,
12/8/19,3:00p,Denver Nuggets,102,Brooklyn Nets,105,,16679,
12/8/19,5:00p,Atlanta Hawks,122,Charlotte Hornets,107,,15489,
12/8/19,6:00p,Chicago Bulls,105,Miami Heat,110,OT,19600,
12/8/19,6:00p,Toronto Raptors,104,Philadelphia 76ers,110,,20313,
12/8/19,6:00p,Los Angeles Clippers,135,Washington Wizards,119,,15946,
12/8/19,7:00p,Sacramento Kings,110,Dallas Mavericks,106,,19566,
12/8/19,9:00p,Oklahoma City Thunder,108,Portland Trail Blazers,96,,19393,
12/8/19,9:30p,Minnesota Timberwolves,125,Los Angeles Lakers,142,,18997,
12/9/19,7:00p,Los Angeles Clippers,110,Indiana Pacers,99,,14644,
12/9/19,7:30p,Cleveland Cavaliers,88,Boston Celtics,110,,19156,
12/9/19,8:00p,Toronto Raptors,93,Chicago Bulls,92,,14775,
12/9/19,8:00p,Sacramento Kings,119,Houston Rockets,118,,18055,
12/9/19,8:00p,Orlando Magic,101,Milwaukee Bucks,110,,17385,
12/9/19,8:00p,Detroit Pistons,105,New Orleans Pelicans,103,,13694,
12/9/19,9:00p,Minnesota Timberwolves,109,Phoenix Suns,125,,13230,
12/9/19,9:00p,Oklahoma City Thunder,104,Utah Jazz,90,,18306,
12/9/19,10:30p,Memphis Grizzlies,110,Golden State Warriors,102,,18064,
12/10/19,7:00p,Washington Wizards,107,Charlotte Hornets,114,,10626,
12/10/19,8:00p,Atlanta Hawks,121,Miami Heat,135,OT,19600,
12/10/19,8:00p,Denver Nuggets,92,Philadelphia 76ers,97,,20591,
12/10/19,10:00p,New York Knicks,87,Portland Trail Blazers,115,,19393,
12/11/19,7:00p,Houston Rockets,116,Cleveland Cavaliers,110,,17122,
12/11/19,7:00p,Boston Celtics,117,Indiana Pacers,122,,15637,
12/11/19,7:00p,Los Angeles Lakers,96,Orlando Magic,87,,18846,
12/11/19,7:00p,Los Angeles Clippers,112,Toronto Raptors,92,,20144,
12/11/19,7:30p,Charlotte Hornets,113,Brooklyn Nets,108,,15631,
12/11/19,8:00p,Atlanta Hawks,102,Chicago Bulls,136,,15084,
12/11/19,8:00p,Utah Jazz,127,Minnesota Timberwolves,116,,12369,
12/11/19,9:00p,Memphis Grizzlies,115,Phoenix Suns,108,,12254,
12/11/19,9:30p,New Orleans Pelicans,112,Milwaukee Bucks,127,,17385,
12/11/19,10:00p,Oklahoma City Thunder,93,Sacramento Kings,94,,16723,
12/11/19,10:30p,New York Knicks,124,Golden State Warriors,122,OT,18064,
12/12/19,8:00p,Philadelphia 76ers,115,Boston Celtics,109,,19156,
12/12/19,8:30p,Cleveland Cavaliers,118,San Antonio Spurs,109,OT,18354,
12/12/19,9:00p,Dallas Mavericks,122,Detroit Pistons,111,,20064,at Mexico City Mexico
12/12/19,10:30p,Portland Trail Blazers,99,Denver Nuggets,114,,18828,
12/13/19,7:00p,Los Angeles Lakers,113,Miami Heat,110,,20013,
12/13/19,7:00p,Houston Rockets,130,Orlando Magic,107,,16335,
12/13/19,7:00p,New Orleans Pelicans,109,Philadelphia 76ers,116,,20620,
12/13/19,7:30p,Indiana Pacers,110,Atlanta Hawks,100,,15121,
12/13/19,8:00p,Charlotte Hornets,83,Chicago Bulls,73,,18377,
12/13/19,8:00p,Milwaukee Bucks,127,Memphis Grizzlies,114,,16109,
12/13/19,9:00p,Golden State Warriors,106,Utah Jazz,114,,18306,
12/13/19,9:30p,Los Angeles Clippers,124,Minnesota Timberwolves,117,,17585,
12/13/19,10:00p,New York Knicks,103,Sacramento Kings,101,,17583,
12/14/19,5:00p,San Antonio Spurs,121,Phoenix Suns,119,OT,20013,at Mexico City Mexico
12/14/19,7:30p,Brooklyn Nets,102,Toronto Raptors,110,,19800,
12/14/19,8:00p,Los Angeles Clippers,106,Chicago Bulls,109,,18426,
12/14/19,8:00p,Washington Wizards,111,Memphis Grizzlies,128,,15631,
12/14/19,8:30p,Miami Heat,122,Dallas Mavericks,118,OT,20333,
12/14/19,8:30p,Cleveland Cavaliers,108,Milwaukee Bucks,125,,17481,
12/14/19,9:00p,Oklahoma City Thunder,102,Denver Nuggets,110,,19520,
12/14/19,9:00p,Detroit Pistons,115,Houston Rockets,107,,18055,
12/15/19,3:30p,Orlando Magic,130,New Orleans Pelicans,119,,15388,
12/15/19,5:00p,Charlotte Hornets,85,Indiana Pacers,107,,16061,
12/15/19,6:00p,Los Angeles Lakers,101,Atlanta Hawks,96,,16962,
12/15/19,6:00p,Philadelphia 76ers,89,Brooklyn Nets,109,,17732,
12/15/19,8:00p,New York Knicks,105,Denver Nuggets,111,,18867,
12/15/19,8:30p,Sacramento Kings,100,Golden State Warriors,79,,18064,
12/16/19,7:00p,Washington Wizards,133,Detroit Pistons,119,,14632,
12/16/19,7:30p,Cleveland Cavaliers,113,Toronto Raptors,133,,19800,
12/16/19,8:00p,San Antonio Spurs,107,Houston Rockets,109,,18055,
12/16/19,8:00p,Miami Heat,111,Memphis Grizzlies,118,,14021,
12/16/19,8:00p,Dallas Mavericks,120,Milwaukee Bucks,116,,17727,
12/16/19,8:00p,Chicago Bulls,106,Oklahoma City Thunder,109,,18203,
12/16/19,9:00p,Portland Trail Blazers,111,Phoenix Suns,110,,14193,
12/17/19,7:00p,Sacramento Kings,102,Charlotte Hornets,110,,13229,
12/17/19,7:00p,Los Angeles Lakers,102,Indiana Pacers,105,,17923,
12/17/19,7:30p,Atlanta Hawks,120,New York Knicks,143,,18268,
12/17/19,8:00p,Brooklyn Nets,108,New Orleans Pelicans,101,OT,15177,
12/17/19,9:00p,Orlando Magic,102,Utah Jazz,109,,18306,
12/17/19,10:30p,Phoenix Suns,99,Los Angeles Clippers,120,,19068,
12/18/19,7:00p,Charlotte Hornets,98,Cleveland Cavaliers,100,,17023,
12/18/19,7:00p,Toronto Raptors,112,Detroit Pistons,99,,15319,
12/18/19,7:00p,Miami Heat,108,Philadelphia 76ers,104,,20715,
12/18/19,7:00p,Chicago Bulls,110,Washington Wizards,109,OT,14987,
12/18/19,8:00p,New Orleans Pelicans,107,Minnesota Timberwolves,99,,12490,
12/18/19,8:00p,Memphis Grizzlies,122,Oklahoma City Thunder,126,,18203,
12/18/19,9:00p,Orlando Magic,104,Denver Nuggets,113,,18182,
12/18/19,9:30p,Boston Celtics,109,Dallas Mavericks,103,,20181,
12/18/19,10:00p,Golden State Warriors,112,Portland Trail Blazers,122,,19393,
12/19/19,7:30p,Utah Jazz,111,Atlanta Hawks,106,,16739,
12/19/19,8:00p,Los Angeles Lakers,104,Milwaukee Bucks,111,,18051,
12/19/19,8:30p,Brooklyn Nets,105,San Antonio Spurs,118,,18354,
12/19/19,10:30p,Houston Rockets,122,Los Angeles Clippers,117,,19068,
12/20/19,7:00p,Memphis Grizzlies,107,Cleveland Cavaliers,114,,19432,
12/20/19,7:00p,Sacramento Kings,105,Indiana Pacers,119,,14649,
12/20/19,7:30p,Detroit Pistons,93,Boston Celtics,114,,19156,
12/20/19,7:30p,Washington Wizards,118,Toronto Raptors,122,,19800,
12/20/19,8:00p,New York Knicks,114,Miami Heat,129,,19704,
12/20/19,8:00p,Phoenix Suns,108,Oklahoma City Thunder,126,,18203,
12/20/19,8:00p,Dallas Mavericks,117,Philadelphia 76ers,98,,20778,
12/20/19,9:00p,Minnesota Timberwolves,100,Denver Nuggets,109,,19520,
12/20/19,10:00p,Orlando Magic,103,Portland Trail Blazers,118,,19393,
12/20/19,10:30p,New Orleans Pelicans,102,Golden State Warriors,106,,18064,
12/21/19,5:00p,Utah Jazz,114,Charlotte Hornets,107,,16187,
12/21/19,6:00p,Atlanta Hawks,112,Brooklyn Nets,122,,16496,
12/21/19,7:00p,Chicago Bulls,119,Detroit Pistons,107,,15948,
12/21/19,7:00p,Washington Wizards,108,Philadelphia 76ers,125,,20529,
12/21/19,7:30p,Milwaukee Bucks,123,New York Knicks,102,,18124,
12/21/19,8:00p,Sacramento Kings,115,Memphis Grizzlies,119,,15603,
12/21/19,8:30p,Los Angeles Clippers,134,San Antonio Spurs,109,,18354,
12/21/19,9:00p,Houston Rockets,139,Phoenix Suns,125,,16061,
12/21/19,10:00p,Minnesota Timberwolves,106,Portland Trail Blazers,113,,19393,
12/22/19,3:30p,Dallas Mavericks,107,Toronto Raptors,110,,19800,
12/22/19,6:00p,Charlotte Hornets,93,Boston Celtics,119,,19156,
12/22/19,7:00p,Indiana Pacers,89,Milwaukee Bucks,117,,18029,
12/22/19,7:00p,Los Angeles Clippers,112,Oklahoma City Thunder,118,,18203,
12/22/19,9:30p,Denver Nuggets,128,Los Angeles Lakers,104,,18997,
12/23/19,7:00p,Atlanta Hawks,118,Cleveland Cavaliers,121,,18007,
12/23/19,7:00p,Philadelphia 76ers,125,Detroit Pistons,109,,16476,
12/23/19,7:00p,Toronto Raptors,115,Indiana Pacers,120,OT,17164,
12/23/19,7:00p,Washington Wizards,121,New York Knicks,115,,19413,
12/23/19,7:00p,Chicago Bulls,95,Orlando Magic,103,,18846,
12/23/19,7:30p,Utah Jazz,104,Miami Heat,107,,19890,
12/23/19,8:00p,San Antonio Spurs,145,Memphis Grizzlies,115,,16776,
12/23/19,9:00p,Denver Nuggets,113,Phoenix Suns,111,,16041,
12/23/19,10:00p,New Orleans Pelicans,102,Portland Trail Blazers,94,,19499,
12/23/19,10:00p,Houston Rockets,113,Sacramento Kings,104,,17583,
12/23/19,10:30p,Minnesota Timberwolves,104,Golden State Warriors,113,,18064,
12/25/19,12:00p,Boston Celtics,118,Toronto Raptors,102,,19800,
12/25/19,2:30p,Milwaukee Bucks,109,Philadelphia 76ers,121,,21028,
12/25/19,5:00p,Houston Rockets,104,Golden State Warriors,116,,18064,
12/25/19,8:00p,Los Angeles Clippers,111,Los Angeles Lakers,106,,18997,
12/25/19,10:30p,New Orleans Pelicans,112,Denver Nuggets,100,,19520,
12/26/19,7:00p,Washington Wizards,102,Detroit Pistons,132,,17188,
12/26/19,7:30p,New York Knicks,94,Brooklyn Nets,82,,17732,
12/26/19,8:00p,San Antonio Spurs,98,Dallas Mavericks,102,,20427,
12/26/19,8:00p,Memphis Grizzlies,110,Oklahoma City Thunder,97,,18203,
12/26/19,10:00p,Minnesota Timberwolves,105,Sacramento Kings,104,2OT,17583,
12/26/19,10:30p,Portland Trail Blazers,115,Utah Jazz,121,,18306,
12/27/19,4:00p,Cleveland Cavaliers,117,Boston Celtics,129,,19156,
12/27/19,7:00p,Oklahoma City Thunder,104,Charlotte Hornets,102,OT,18418,
12/27/19,7:00p,Philadelphia 76ers,97,Orlando Magic,98,,17311,
12/27/19,7:30p,Milwaukee Bucks,112,Atlanta Hawks,86,,17358,
12/27/19,8:00p,Indiana Pacers,112,Miami Heat,113,,19767,
12/27/19,10:30p,Phoenix Suns,96,Golden State Warriors,105,,18064,
12/28/19,5:00p,Memphis Grizzlies,110,Denver Nuggets,119,,19697,
12/28/19,7:00p,Toronto Raptors,113,Boston Celtics,97,,19156,
12/28/19,7:00p,Indiana Pacers,98,New Orleans Pelicans,120,,15391,
12/28/19,8:00p,Atlanta Hawks,81,Chicago Bulls,116,,21496,
12/28/19,8:00p,Brooklyn Nets,98,Houston Rockets,108,,18306,
12/28/19,8:00p,Philadelphia 76ers,116,Miami Heat,117,OT,19865,
12/28/19,8:00p,Cleveland Cavaliers,94,Minnesota Timberwolves,88,,15411,
12/28/19,8:00p,New York Knicks,107,Washington Wizards,100,,19033,
12/28/19,8:30p,Dallas Mavericks,141,Golden State Warriors,121,,18064,
12/28/19,8:30p,Orlando Magic,100,Milwaukee Bucks,111,,17920,
12/28/19,8:30p,Detroit Pistons,109,San Antonio Spurs,136,,18524,
12/28/19,9:00p,Phoenix Suns,112,Sacramento Kings,110,,17583,
12/28/19,10:00p,Los Angeles Lakers,128,Portland Trail Blazers,120,,19960,
12/28/19,10:30p,Utah Jazz,120,Los Angeles Clippers,107,,19068,
12/29/19,6:00p,Oklahoma City Thunder,98,Toronto Raptors,97,,19800,
12/29/19,8:00p,Sacramento Kings,115,Denver Nuggets,120,,19520,
12/29/19,8:00p,Charlotte Hornets,104,Memphis Grizzlies,117,,16842,
12/29/19,8:00p,Houston Rockets,112,New Orleans Pelicans,127,,17712,
12/29/19,9:30p,Dallas Mavericks,95,Los Angeles Lakers,108,,18997,
12/30/19,7:00p,Atlanta Hawks,101,Orlando Magic,93,,17784,
12/30/19,7:00p,Miami Heat,105,Washington Wizards,123,,20476,
12/30/19,8:00p,Milwaukee Bucks,123,Chicago Bulls,102,,21954,
12/30/19,8:00p,Brooklyn Nets,115,Minnesota Timberwolves,122,OT,15824,
12/30/19,9:00p,Detroit Pistons,81,Utah Jazz,104,,18306,
12/30/19,10:00p,Phoenix Suns,122,Portland Trail Blazers,116,,19896,
12/31/19,3:00p,Boston Celtics,109,Charlotte Hornets,92,,19216,
12/31/19,3:00p,Philadelphia 76ers,97,Indiana Pacers,115,,17923,
12/31/19,5:00p,Los Angeles Clippers,105,Sacramento Kings,87,,16231,
12/31/19,7:00p,Denver Nuggets,104,Houston Rockets,130,,18055,
12/31/19,7:00p,Golden State Warriors,113,San Antonio Spurs,117,OT,18354,
12/31/19,7:00p,Cleveland Cavaliers,97,Toronto Raptors,117,,19800,
12/31/19,8:00p,Dallas Mavericks,101,Oklahoma City Thunder,106,,18203,
1/1/20,6:00p,Orlando Magic,122,Washington Wizards,101,,14921,
1/1/20,7:30p,Portland Trail Blazers,93,New York Knicks,117,,19812,
1/1/20,8:00p,Minnesota Timberwolves,104,Milwaukee Bucks,106,,17819,
1/1/20,10:30p,Phoenix Suns,107,Los Angeles Lakers,117,,18997,
1/2/20,7:00p,Charlotte Hornets,109,Cleveland Cavaliers,106,,17859,
1/2/20,7:00p,Denver Nuggets,124,Indiana Pacers,116,,16688,
1/2/20,7:30p,Toronto Raptors,76,Miami Heat,84,,19939,
1/2/20,8:00p,Utah Jazz,102,Chicago Bulls,98,,19398,
1/2/20,8:00p,Golden State Warriors,84,Minnesota Timberwolves,99,,15477,
1/2/20,8:30p,Brooklyn Nets,111,Dallas Mavericks,123,,20289,
1/2/20,8:30p,Oklahoma City Thunder,109,San Antonio Spurs,103,,18354,
1/2/20,10:00p,Memphis Grizzlies,123,Sacramento Kings,128,,17351,
1/2/20,10:30p,Detroit Pistons,112,Los Angeles Clippers,126,,19068,
1/3/20,7:00p,Atlanta Hawks,106,Boston Celtics,109,,19156,
1/3/20,7:00p,Miami Heat,85,Orlando Magic,105,,17198,
1/3/20,7:00p,Portland Trail Blazers,122,Washington Wizards,103,,17945,
1/3/20,8:00p,Philadelphia 76ers,108,Houston Rockets,118,,18055,
1/3/20,9:00p,New York Knicks,112,Phoenix Suns,120,,18055,
1/3/20,10:30p,New Orleans Pelicans,113,Los Angeles Lakers,123,,18997,
1/4/20,3:30p,Memphis Grizzlies,140,Los Angeles Clippers,114,,19068,
1/4/20,6:00p,Toronto Raptors,121,Brooklyn Nets,102,,17732,
1/4/20,7:00p,Utah Jazz,109,Orlando Magic,96,,16913,
1/4/20,7:30p,Indiana Pacers,111,Atlanta Hawks,116,,16420,
1/4/20,7:30p,Oklahoma City Thunder,121,Cleveland Cavaliers,106,,19432,
1/4/20,8:00p,Boston Celtics,111,Chicago Bulls,104,,21130,
1/4/20,8:00p,Denver Nuggets,114,Washington Wizards,128,,16233,
1/4/20,8:30p,Charlotte Hornets,123,Dallas Mavericks,120,OT,20327,
1/4/20,8:30p,Detroit Pistons,111,Golden State Warriors,104,,18064,
1/4/20,8:30p,San Antonio Spurs,118,Milwaukee Bucks,127,,18002,
1/4/20,10:00p,New Orleans Pelicans,117,Sacramento Kings,115,,16808,
1/5/20,3:30p,New York Knicks,132,Los Angeles Clippers,135,,19068,
1/5/20,6:00p,Portland Trail Blazers,111,Miami Heat,122,,19846,
1/5/20,7:30p,Minnesota Timberwolves,118,Cleveland Cavaliers,103,,16159,
1/5/20,8:00p,Memphis Grizzlies,121,Phoenix Suns,114,,14181,
1/5/20,10:00p,Detroit Pistons,99,Los Angeles Lakers,106,,18997,
1/6/20,7:00p,Indiana Pacers,115,Charlotte Hornets,104,,13009,
1/6/20,7:00p,Brooklyn Nets,89,Orlando Magic,101,,15008,
1/6/20,7:00p,Oklahoma City Thunder,113,Philadelphia 76ers,120,,20561,
1/6/20,7:00p,Boston Celtics,94,Washington Wizards,99,,17963,
1/6/20,7:30p,Denver Nuggets,123,Atlanta Hawks,115,,15286,
1/6/20,8:00p,Utah Jazz,128,New Orleans Pelicans,126,,14138,
1/6/20,8:30p,Chicago Bulls,110,Dallas Mavericks,118,,20238,
1/6/20,8:30p,Milwaukee Bucks,104,San Antonio Spurs,126,,18354,
1/6/20,10:00p,Golden State Warriors,98,Sacramento Kings,111,,15819,
1/7/20,7:00p,Detroit Pistons,115,Cleveland Cavaliers,113,,17274,
1/7/20,7:00p,Portland Trail Blazers,101,Toronto Raptors,99,,19800,
1/7/20,7:30p,Oklahoma City Thunder,111,Brooklyn Nets,103,OT,15677,
1/7/20,8:00p,Minnesota Timberwolves,112,Memphis Grizzlies,119,,14117,
1/7/20,9:00p,Sacramento Kings,114,Phoenix Suns,103,,14134,
1/7/20,10:30p,New York Knicks,87,Los Angeles Lakers,117,,18997,
1/8/20,7:00p,San Antonio Spurs,129,Boston Celtics,114,,19156,
1/8/20,7:00p,Toronto Raptors,112,Charlotte Hornets,110,OT,13965,
1/8/20,7:00p,Miami Heat,122,Indiana Pacers,108,,17040,
1/8/20,7:00p,Washington Wizards,89,Orlando Magic,123,,16013,
1/8/20,7:30p,Houston Rockets,122,Atlanta Hawks,115,,16514,
1/8/20,7:30p,Denver Nuggets,107,Dallas Mavericks,106,,20314,
1/8/20,8:00p,Chicago Bulls,108,New Orleans Pelicans,123,,15324,
1/8/20,9:00p,New York Knicks,104,Utah Jazz,128,,18306,
1/8/20,10:00p,Milwaukee Bucks,107,Golden State Warriors,98,,18064,
1/9/20,7:00p,Cleveland Cavaliers,115,Detroit Pistons,112,OT,13445,
1/9/20,7:00p,Boston Celtics,98,Philadelphia 76ers,109,,20822,
1/9/20,8:00p,Portland Trail Blazers,102,Minnesota Timberwolves,116,,13720,
1/9/20,9:30p,Houston Rockets,92,Oklahoma City Thunder,113,,18203,
1/10/20,7:00p,Atlanta Hawks,101,Washington Wizards,111,,16360,
1/10/20,7:15p,New Orleans Pelicans,123,New York Knicks,111,,18003,
1/10/20,7:30p,Miami Heat,113,Brooklyn Nets,117,,16011,
1/10/20,8:00p,Indiana Pacers,116,Chicago Bulls,105,,20229,
1/10/20,8:00p,San Antonio Spurs,121,Memphis Grizzlies,134,,16448,
1/10/20,9:00p,Orlando Magic,94,Phoenix Suns,98,,14562,
1/10/20,9:00p,Charlotte Hornets,92,Utah Jazz,109,,18306,
1/10/20,9:45p,Los Angeles Lakers,129,Dallas Mavericks,114,,20542,
1/10/20,10:00p,Milwaukee Bucks,127,Sacramento Kings,106,,17583,
1/10/20,10:30p,Golden State Warriors,100,Los Angeles Clippers,109,,19068,
1/11/20,5:00p,Minnesota Timberwolves,109,Houston Rockets,139,,18055,
1/11/20,7:00p,New Orleans Pelicans,105,Boston Celtics,140,,19156,
1/11/20,7:00p,Chicago Bulls,108,Detroit Pistons,99,,15951,
1/11/20,8:00p,Los Angeles Lakers,125,Oklahoma City Thunder,110,,18203,
1/11/20,8:30p,Philadelphia 76ers,91,Dallas Mavericks,109,,20244,
1/11/20,9:00p,Cleveland Cavaliers,111,Denver Nuggets,103,,19533,
1/11/20,10:00p,Milwaukee Bucks,122,Portland Trail Blazers,101,,19843,
1/12/20,3:30p,Miami Heat,121,New York Knicks,124,,18861,
1/12/20,3:30p,Utah Jazz,127,Washington Wizards,116,,15953,
1/12/20,6:00p,Atlanta Hawks,86,Brooklyn Nets,108,,15201,
1/12/20,6:00p,Golden State Warriors,102,Memphis Grizzlies,122,,16408,
1/12/20,6:00p,San Antonio Spurs,105,Toronto Raptors,104,,19800,
1/12/20,8:00p,Los Angeles Clippers,104,Denver Nuggets,114,,19520,
1/12/20,8:00p,Charlotte Hornets,92,Phoenix Suns,100,,14751,
1/13/20,7:00p,New Orleans Pelicans,117,Detroit Pistons,110,OT,13780,
1/13/20,7:00p,Philadelphia 76ers,95,Indiana Pacers,101,,15257,
1/13/20,7:30p,Chicago Bulls,101,Boston Celtics,113,,19156,
1/13/20,8:00p,Oklahoma City Thunder,117,Minnesota Timberwolves,104,,11044,
1/13/20,10:00p,Charlotte Hornets,112,Portland Trail Blazers,115,,19111,
1/13/20,10:00p,Orlando Magic,114,Sacramento Kings,112,,16299,
1/13/20,10:30p,Cleveland Cavaliers,99,Los Angeles Lakers,128,,18997,
1/14/20,7:30p,Phoenix Suns,110,Atlanta Hawks,123,,16060,
1/14/20,7:30p,Utah Jazz,118,Brooklyn Nets,107,,15381,
1/14/20,8:00p,Houston Rockets,110,Memphis Grizzlies,121,,16181,
1/14/20,8:00p,New York Knicks,102,Milwaukee Bucks,128,,17590,
1/14/20,10:30p,Dallas Mavericks,124,Golden State Warriors,97,,18064,
1/14/20,10:30p,Cleveland Cavaliers,103,Los Angeles Clippers,128,,19068,
1/15/20,7:00p,Detroit Pistons,116,Boston Celtics,103,,19156,
1/15/20,7:00p,Brooklyn Nets,106,Philadelphia 76ers,117,,20416,
1/15/20,7:30p,San Antonio Spurs,100,Miami Heat,106,,19704,
1/15/20,8:00p,Washington Wizards,106,Chicago Bulls,115,,19382,
1/15/20,8:00p,Indiana Pacers,104,Minnesota Timberwolves,99,,12648,
1/15/20,8:00p,Toronto Raptors,130,Oklahoma City Thunder,121,,18203,
1/15/20,9:00p,Charlotte Hornets,86,Denver Nuggets,100,,19520,
1/15/20,9:30p,Portland Trail Blazers,117,Houston Rockets,107,,18055,
1/15/20,10:00p,Dallas Mavericks,127,Sacramento Kings,123,,17029,
1/15/20,10:30p,Orlando Magic,119,Los Angeles Lakers,118,,18997,
1/16/20,7:30p,Phoenix Suns,121,New York Knicks,98,,18215,
1/16/20,8:00p,Boston Celtics,123,Milwaukee Bucks,128,,17873,
1/16/20,8:00p,Utah Jazz,132,New Orleans Pelicans,138,OT,16717,
1/16/20,10:30p,Denver Nuggets,134,Golden State Warriors,131,OT,18064,
1/16/20,10:30p,Orlando Magic,95,Los Angeles Clippers,122,,19068,
1/17/20,7:00p,Minnesota Timberwolves,114,Indiana Pacers,116,,16248,
1/17/20,7:00p,Chicago Bulls,89,Philadelphia 76ers,100,,20919,
1/17/20,7:00p,Washington Wizards,111,Toronto Raptors,140,,19800,
1/17/20,8:00p,Cleveland Cavaliers,109,Memphis Grizzlies,113,,17102,
1/17/20,8:00p,Miami Heat,115,Oklahoma City Thunder,108,,18203,
1/17/20,8:30p,Atlanta Hawks,121,San Antonio Spurs,120,,18354,
1/17/20,9:30p,Portland Trail Blazers,112,Dallas Mavericks,120,,20283,
1/18/20,3:30p,Los Angeles Clippers,133,New Orleans Pelicans,130,,17959,
1/18/20,6:00p,Milwaukee Bucks,117,Brooklyn Nets,97,,17732,
1/18/20,7:00p,Phoenix Suns,123,Boston Celtics,119,,19156,
1/18/20,7:30p,Detroit Pistons,136,Atlanta Hawks,103,,17056,
1/18/20,7:30p,Philadelphia 76ers,90,New York Knicks,87,,17812,
1/18/20,8:00p,Cleveland Cavaliers,116,Chicago Bulls,118,,19939,
1/18/20,8:00p,Toronto Raptors,122,Minnesota Timberwolves,112,,16520,
1/18/20,8:30p,Orlando Magic,95,Golden State Warriors,109,,18064,
1/18/20,8:30p,Los Angeles Lakers,124,Houston Rockets,115,,18502,
1/18/20,9:00p,Portland Trail Blazers,106,Oklahoma City Thunder,119,,18203,
1/18/20,9:00p,Sacramento Kings,101,Utah Jazz,123,,18306,
1/19/20,3:00p,Miami Heat,102,San Antonio Spurs,107,,18422,
1/19/20,8:00p,Indiana Pacers,115,Denver Nuggets,107,,19520,
1/20/20,2:00p,Detroit Pistons,100,Washington Wizards,106,,17305,
1/20/20,2:30p,Toronto Raptors,122,Atlanta Hawks,117,,17300,
1/20/20,3:00p,Philadelphia 76ers,117,Brooklyn Nets,111,,16801,
1/20/20,5:00p,Orlando Magic,106,Charlotte Hornets,83,,16133,
1/20/20,5:00p,New York Knicks,106,Cleveland Cavaliers,86,,17133,
1/20/20,5:00p,Oklahoma City Thunder,112,Houston Rockets,107,,18055,
1/20/20,5:00p,New Orleans Pelicans,126,Memphis Grizzlies,116,,17794,
1/20/20,5:00p,Sacramento Kings,113,Miami Heat,118,OT,19600,
1/20/20,5:00p,Chicago Bulls,98,Milwaukee Bucks,111,,17747,
1/20/20,7:30p,Los Angeles Lakers,107,Boston Celtics,139,,19156,
1/20/20,8:00p,Denver Nuggets,107,Minnesota Timberwolves,100,,12172,
1/20/20,9:00p,San Antonio Spurs,120,Phoenix Suns,118,,14847,
1/20/20,9:00p,Indiana Pacers,88,Utah Jazz,118,,18306,
1/20/20,10:00p,Golden State Warriors,124,Portland Trail Blazers,129,OT,19493,
1/21/20,8:30p,Los Angeles Clippers,110,Dallas Mavericks,107,,19783,
1/22/20,7:00p,Sacramento Kings,106,Detroit Pistons,127,,13972,
1/22/20,7:00p,Oklahoma City Thunder,120,Orlando Magic,114,,18846,
1/22/20,7:00p,Philadelphia 76ers,95,Toronto Raptors,107,,19800,
1/22/20,7:30p,Los Angeles Clippers,95,Atlanta Hawks,102,,14338,
1/22/20,7:30p,Memphis Grizzlies,95,Boston Celtics,119,,19156,
1/22/20,7:30p,Washington Wizards,129,Miami Heat,134,OT,19600,
1/22/20,7:30p,Los Angeles Lakers,100,New York Knicks,92,,19812,
1/22/20,8:00p,Minnesota Timberwolves,110,Chicago Bulls,117,,18875,
1/22/20,8:00p,Denver Nuggets,105,Houston Rockets,121,,18055,
1/22/20,9:00p,Indiana Pacers,112,Phoenix Suns,87,,14691,
1/22/20,9:30p,San Antonio Spurs,121,New Orleans Pelicans,117,,18365,
1/22/20,10:00p,Utah Jazz,129,Golden State Warriors,96,,18064,
1/23/20,7:00p,Washington Wizards,124,Cleveland Cavaliers,112,,16689,
1/23/20,8:00p,Los Angeles Lakers,128,Brooklyn Nets,113,,17732,
1/23/20,10:30p,Dallas Mavericks,133,Portland Trail Blazers,125,,19574,
1/24/20,3:00p,Milwaukee Bucks,116,Charlotte Hornets,103,,15758,at Paris France
1/24/20,7:00p,Memphis Grizzlies,125,Detroit Pistons,112,,14583,
1/24/20,7:00p,Boston Celtics,109,Orlando Magic,98,,18846,
1/24/20,7:30p,Toronto Raptors,118,New York Knicks,112,,18883,
1/24/20,8:00p,Sacramento Kings,98,Chicago Bulls,81,,17661,
1/24/20,8:00p,Los Angeles Clippers,122,Miami Heat,117,,19632,
1/24/20,8:00p,Houston Rockets,131,Minnesota Timberwolves,124,,16101,
1/24/20,8:00p,Denver Nuggets,113,New Orleans Pelicans,106,,16398,
1/24/20,8:00p,Atlanta Hawks,111,Oklahoma City Thunder,140,,18203,
1/24/20,8:30p,Phoenix Suns,103,San Antonio Spurs,99,,18354,
1/24/20,10:30p,Indiana Pacers,129,Golden State Warriors,118,,18064,
1/25/20,5:00p,Dallas Mavericks,107,Utah Jazz,112,,18306,
1/25/20,7:00p,Brooklyn Nets,121,Detroit Pistons,111,OT,15890,
1/25/20,8:00p,Chicago Bulls,118,Cleveland Cavaliers,106,,19432,
1/25/20,8:00p,Oklahoma City Thunder,113,Minnesota Timberwolves,104,,16236,
1/25/20,8:30p,Los Angeles Lakers,91,Philadelphia 76ers,108,,21109,
1/26/20,3:30p,Houston Rockets,110,Denver Nuggets,117,,19520,
1/26/20,4:00p,Toronto Raptors,110,San Antonio Spurs,106,,18354,
1/26/20,6:00p,Washington Wizards,133,Atlanta Hawks,152,,15567,
1/26/20,6:00p,Phoenix Suns,109,Memphis Grizzlies,114,,17214,
1/26/20,6:00p,Boston Celtics,108,New Orleans Pelicans,123,,16737,
1/26/20,6:00p,Brooklyn Nets,97,New York Knicks,110,,17831,
1/26/20,6:00p,Los Angeles Clippers,112,Orlando Magic,97,,15427,
1/26/20,9:00p,Indiana Pacers,129,Portland Trail Blazers,139,,19663,
1/27/20,7:00p,Cleveland Cavaliers,115,Detroit Pistons,100,,12597,
1/27/20,7:30p,Orlando Magic,92,Miami Heat,113,,19600,
1/27/20,8:00p,San Antonio Spurs,109,Chicago Bulls,110,,16071,
1/27/20,8:00p,Sacramento Kings,133,Minnesota Timberwolves,129,OT,13449,
1/27/20,8:00p,Dallas Mavericks,107,Oklahoma City Thunder,97,,18203,
1/27/20,9:00p,Houston Rockets,126,Utah Jazz,117,,18306,
1/28/20,7:00p,New York Knicks,92,Charlotte Hornets,97,,14342,
1/28/20,7:00p,Golden State Warriors,104,Philadelphia 76ers,115,,20854,
1/28/20,7:30p,New Orleans Pelicans,125,Cleveland Cavaliers,111,,19432,
1/28/20,7:30p,Atlanta Hawks,114,Toronto Raptors,130,,19800,
1/28/20,8:00p,Denver Nuggets,96,Memphis Grizzlies,104,,14365,
1/28/20,8:00p,Boston Celtics,109,Miami Heat,101,,19704,
1/28/20,8:00p,Washington Wizards,131,Milwaukee Bucks,151,,17681,
1/28/20,8:30p,Phoenix Suns,133,Dallas Mavericks,104,,20216,
1/29/20,7:00p,Chicago Bulls,106,Indiana Pacers,115,OT,17923,
1/29/20,7:30p,Detroit Pistons,115,Brooklyn Nets,125,,14275,
1/29/20,7:30p,Memphis Grizzlies,127,New York Knicks,106,,18768,
1/29/20,8:30p,Utah Jazz,120,San Antonio Spurs,127,,17887,
1/29/20,10:00p,Houston Rockets,112,Portland Trail Blazers,125,,19393,
1/29/20,10:00p,Oklahoma City Thunder,120,Sacramento Kings,100,,16935,
1/30/20,7:00p,Toronto Raptors,115,Cleveland Cavaliers,109,,17695,
1/30/20,7:00p,Charlotte Hornets,107,Washington Wizards,121,,15013,
1/30/20,7:30p,Philadelphia 76ers,117,Atlanta Hawks,127,,15227,
1/30/20,8:00p,Golden State Warriors,104,Boston Celtics,119,,19156,
1/30/20,10:30p,Utah Jazz,100,Denver Nuggets,106,,19520,
1/30/20,10:30p,Sacramento Kings,124,Los Angeles Clippers,103,,19068,
1/31/20,7:00p,Toronto Raptors,105,Detroit Pistons,92,,17356,
1/31/20,7:30p,Chicago Bulls,118,Brooklyn Nets,133,,17732,
1/31/20,7:30p,Dallas Mavericks,121,Houston Rockets,128,,18055,
1/31/20,8:00p,Memphis Grizzlies,111,New Orleans Pelicans,139,,18362,
1/31/20,9:00p,Denver Nuggets,127,Milwaukee Bucks,115,,18141,
1/31/20,9:00p,Oklahoma City Thunder,111,Phoenix Suns,107,,17260,
1/31/20,10:30p,Portland Trail Blazers,127,Los Angeles Lakers,119,,18997,
2/1/20,3:30p,Minnesota Timberwolves,106,Los Angeles Clippers,118,,19068,
2/1/20,7:00p,New York Knicks,92,Indiana Pacers,85,,17923,
2/1/20,7:00p,Miami Heat,102,Orlando Magic,89,,18846,
2/1/20,8:00p,Golden State Warriors,131,Cleveland Cavaliers,112,,18410,
2/1/20,8:00p,Brooklyn Nets,107,Washington Wizards,113,,18196,
2/1/20,8:30p,Philadelphia 76ers,95,Boston Celtics,116,,19156,
2/1/20,8:30p,Atlanta Hawks,100,Dallas Mavericks,123,,20328,
2/1/20,9:00p,Charlotte Hornets,90,San Antonio Spurs,114,,18615,
2/1/20,10:00p,Los Angeles Lakers,129,Sacramento Kings,113,,17583,
2/1/20,10:30p,Utah Jazz,107,Portland Trail Blazers,124,,19603,
2/2/20,12:30p,Denver Nuggets,123,Detroit Pistons,128,OT,15488,
2/2/20,2:00p,New Orleans Pelicans,109,Houston Rockets,117,,18055,
2/2/20,2:00p,Phoenix Suns,108,Milwaukee Bucks,129,,17754,
2/2/20,3:00p,Chicago Bulls,102,Toronto Raptors,129,,19800,
2/3/20,7:00p,Orlando Magic,112,Charlotte Hornets,100,,12337,
2/3/20,7:00p,New York Knicks,139,Cleveland Cavaliers,134,OT,16303,
2/3/20,7:00p,Dallas Mavericks,112,Indiana Pacers,103,,15086,
2/3/20,7:00p,Golden State Warriors,125,Washington Wizards,117,,17120,
2/3/20,7:30p,Boston Celtics,123,Atlanta Hawks,115,,16231,
2/3/20,7:30p,Phoenix Suns,97,Brooklyn Nets,119,,14891,
2/3/20,7:30p,Philadelphia 76ers,106,Miami Heat,137,,19725,
2/3/20,8:00p,Detroit Pistons,82,Memphis Grizzlies,96,,14597,
2/3/20,10:00p,Minnesota Timberwolves,109,Sacramento Kings,113,,15819,
2/3/20,10:30p,San Antonio Spurs,105,Los Angeles Clippers,108,,19068,
2/4/20,7:30p,Milwaukee Bucks,120,New Orleans Pelicans,108,,15424,
2/4/20,8:00p,Charlotte Hornets,110,Houston Rockets,125,,18055,
2/4/20,9:00p,Portland Trail Blazers,99,Denver Nuggets,127,,19520,
2/4/20,10:00p,San Antonio Spurs,102,Los Angeles Lakers,129,,18997,
2/5/20,7:00p,Phoenix Suns,108,Detroit Pistons,116,,13707,
2/5/20,7:30p,Orlando Magic,100,Boston Celtics,116,,19156,
2/5/20,7:30p,Golden State Warriors,88,Brooklyn Nets,129,,14352,
2/5/20,7:30p,Indiana Pacers,118,Toronto Raptors,119,,19800,
2/5/20,8:00p,Atlanta Hawks,127,Minnesota Timberwolves,120,,10779,
2/5/20,8:00p,Cleveland Cavaliers,103,Oklahoma City Thunder,109,,18203,
2/5/20,8:30p,Memphis Grizzlies,121,Dallas Mavericks,107,,20069,
2/5/20,9:00p,Denver Nuggets,98,Utah Jazz,95,,18306,
2/5/20,10:00p,Miami Heat,111,Los Angeles Clippers,128,,19068,
2/6/20,7:30p,Orlando Magic,103,New York Knicks,105,,18895,
2/6/20,8:00p,New Orleans Pelicans,125,Chicago Bulls,119,,18247,
2/6/20,8:00p,Philadelphia 76ers,101,Milwaukee Bucks,112,,17928,
2/6/20,10:00p,San Antonio Spurs,117,Portland Trail Blazers,125,,19653,
2/6/20,10:30p,Houston Rockets,121,Los Angeles Lakers,111,,18997,
2/7/20,7:00p,Memphis Grizzlies,107,Philadelphia 76ers,119,,20779,
2/7/20,7:00p,Dallas Mavericks,118,Washington Wizards,119,,20476,
2/7/20,7:30p,Atlanta Hawks,107,Boston Celtics,112,,19156,
2/7/20,8:00p,Toronto Raptors,115,Indiana Pacers,106,,17028,
2/7/20,8:00p,Detroit Pistons,101,Oklahoma City Thunder,108,,18203,
2/7/20,9:00p,Houston Rockets,91,Phoenix Suns,127,,17043,
2/7/20,10:00p,Miami Heat,97,Sacramento Kings,105,,16760,
2/7/20,10:30p,Portland Trail Blazers,114,Utah Jazz,117,,18306,
2/8/20,5:00p,Milwaukee Bucks,111,Orlando Magic,95,,16632,
2/8/20,7:00p,Dallas Mavericks,116,Charlotte Hornets,100,,19370,
2/8/20,7:00p,New York Knicks,95,Detroit Pistons,92,,15980,
2/8/20,7:30p,New Orleans Pelicans,124,Indiana Pacers,117,,17923,
2/8/20,7:30p,Brooklyn Nets,118,Toronto Raptors,119,,19800,
2/8/20,8:00p,Los Angeles Clippers,115,Minnesota Timberwolves,142,,18978,
2/8/20,8:30p,Los Angeles Lakers,125,Golden State Warriors,120,,18064,
2/8/20,9:00p,Denver Nuggets,117,Phoenix Suns,108,,16843,
2/8/20,10:00p,San Antonio Spurs,102,Sacramento Kings,122,,16756,
2/9/20,3:30p,Boston Celtics,112,Oklahoma City Thunder,111,,18203,
2/9/20,6:00p,New York Knicks,135,Atlanta Hawks,140,2OT,16309,
2/9/20,6:00p,Chicago Bulls,111,Philadelphia 76ers,118,,21018,
2/9/20,6:00p,Memphis Grizzlies,106,Washington Wizards,99,,17251,
2/9/20,7:00p,Utah Jazz,114,Houston Rockets,113,,18055,
2/9/20,7:30p,Los Angeles Clippers,133,Cleveland Cavaliers,92,,17240,
2/9/20,9:00p,Miami Heat,109,Portland Trail Blazers,115,,19726,
2/10/20,7:00p,Charlotte Hornets,87,Detroit Pistons,76,,13941,
2/10/20,7:00p,Brooklyn Nets,106,Indiana Pacers,105,,16761,
2/10/20,7:00p,Atlanta Hawks,126,Orlando Magic,135,,17076,
2/10/20,7:30p,Minnesota Timberwolves,126,Toronto Raptors,137,,19800,
2/10/20,8:00p,Sacramento Kings,111,Milwaukee Bucks,123,,17463,
2/10/20,8:30p,Utah Jazz,123,Dallas Mavericks,119,,19793,
2/10/20,9:00p,San Antonio Spurs,120,Denver Nuggets,127,,19520,
2/10/20,10:30p,Miami Heat,113,Golden State Warriors,101,,18064,
2/10/20,10:30p,Phoenix Suns,100,Los Angeles Lakers,125,,18997,
2/11/20,7:00p,Los Angeles Clippers,103,Philadelphia 76ers,110,,20730,
2/11/20,7:00p,Chicago Bulls,114,Washington Wizards,126,,15135,
2/11/20,8:00p,Portland Trail Blazers,117,New Orleans Pelicans,138,,15739,
2/11/20,8:00p,San Antonio Spurs,114,Oklahoma City Thunder,106,,18203,
2/11/20,9:30p,Boston Celtics,105,Houston Rockets,116,,18055,
2/12/20,7:00p,Atlanta Hawks,105,Cleveland Cavaliers,127,,16200,
2/12/20,7:00p,Detroit Pistons,112,Orlando Magic,116,OT,16607,
2/12/20,7:30p,Toronto Raptors,91,Brooklyn Nets,101,,15823,
2/12/20,7:30p,Milwaukee Bucks,111,Indiana Pacers,118,,17018,
2/12/20,7:30p,Washington Wizards,114,New York Knicks,96,,18835,
2/12/20,8:00p,Portland Trail Blazers,104,Memphis Grizzlies,111,,16889,
2/12/20,8:00p,Charlotte Hornets,115,Minnesota Timberwolves,108,,18978,
2/12/20,8:30p,Sacramento Kings,111,Dallas Mavericks,130,,19842,
2/12/20,9:00p,Golden State Warriors,106,Phoenix Suns,112,,15216,
2/12/20,9:00p,Miami Heat,101,Utah Jazz,116,,18306,
2/12/20,10:00p,Los Angeles Lakers,120,Denver Nuggets,116,OT,19860,
2/13/20,8:00p,Los Angeles Clippers,133,Boston Celtics,141,2OT,19156,
2/13/20,8:00p,Oklahoma City Thunder,123,New Orleans Pelicans,118,,17865,
2/20/20,7:00p,Milwaukee Bucks,126,Detroit Pistons,106,,16097,
2/20/20,7:30p,Miami Heat,124,Atlanta Hawks,129,,17356,
2/20/20,8:00p,Charlotte Hornets,103,Chicago Bulls,93,,17463,
2/20/20,8:00p,Brooklyn Nets,104,Philadelphia 76ers,112,OT,20806,
2/20/20,10:00p,Memphis Grizzlies,125,Sacramento Kings,129,,17078,
2/20/20,10:30p,Houston Rockets,135,Golden State Warriors,105,,18064,
2/21/20,7:00p,Dallas Mavericks,122,Orlando Magic,106,,18846,
2/21/20,7:00p,Cleveland Cavaliers,113,Washington Wizards,108,,18895,
2/21/20,7:30p,Indiana Pacers,106,New York Knicks,98,,19812,
2/21/20,7:30p,Phoenix Suns,101,Toronto Raptors,118,,19800,
2/21/20,8:00p,Boston Celtics,127,Minnesota Timberwolves,117,,18978,
2/21/20,8:00p,Denver Nuggets,101,Oklahoma City Thunder,113,,18203,
2/21/20,9:00p,San Antonio Spurs,113,Utah Jazz,104,,18306,
2/21/20,10:30p,Memphis Grizzlies,105,Los Angeles Lakers,117,,18997,
2/21/20,10:30p,New Orleans Pelicans,128,Portland Trail Blazers,115,,19946,
2/22/20,3:30p,Sacramento Kings,112,Los Angeles Clippers,103,,19068,
2/22/20,7:00p,Brooklyn Nets,115,Charlotte Hornets,86,,19079,
2/22/20,7:30p,Dallas Mavericks,107,Atlanta Hawks,111,,17050,
2/22/20,8:00p,Phoenix Suns,112,Chicago Bulls,104,,20506,
2/22/20,8:00p,Cleveland Cavaliers,105,Miami Heat,124,,19754,
2/22/20,8:30p,Philadelphia 76ers,98,Milwaukee Bucks,119,,18290,
2/22/20,9:00p,Houston Rockets,120,Utah Jazz,110,,18306,
2/23/20,3:30p,Boston Celtics,112,Los Angeles Lakers,114,,18997,
2/23/20,6:00p,Minnesota Timberwolves,116,Denver Nuggets,128,,19626,
2/23/20,6:00p,Indiana Pacers,81,Toronto Raptors,127,,19800,
2/23/20,7:00p,Washington Wizards,117,Chicago Bulls,126,,18024,
2/23/20,7:00p,San Antonio Spurs,103,Oklahoma City Thunder,131,,18203,
2/23/20,8:30p,New Orleans Pelicans,115,Golden State Warriors,101,,18064,
2/23/20,9:00p,Detroit Pistons,104,Portland Trail Blazers,107,,19393,
2/24/20,7:00p,Miami Heat,119,Cleveland Cavaliers,125,OT,17336,
2/24/20,7:00p,Atlanta Hawks,112,Philadelphia 76ers,129,,20836,
2/24/20,7:00p,Milwaukee Bucks,137,Washington Wizards,134,OT,16580,
2/24/20,7:30p,Orlando Magic,115,Brooklyn Nets,113,,16162,
2/24/20,8:00p,New York Knicks,112,Houston Rockets,123,,18055,
2/24/20,8:30p,Minnesota Timberwolves,123,Dallas Mavericks,139,,19936,
2/24/20,9:00p,Phoenix Suns,131,Utah Jazz,111,,18306,
2/24/20,10:30p,Memphis Grizzlies,97,Los Angeles Clippers,124,,19068,
2/25/20,7:00p,Charlotte Hornets,80,Indiana Pacers,119,,16088,
2/25/20,7:30p,Milwaukee Bucks,108,Toronto Raptors,97,,19993,
2/25/20,8:00p,Oklahoma City Thunder,124,Chicago Bulls,122,,16911,
2/25/20,9:00p,Detroit Pistons,98,Denver Nuggets,115,,19143,
2/25/20,10:00p,New Orleans Pelicans,109,Los Angeles Lakers,118,,18997,
2/25/20,10:00p,Boston Celtics,118,Portland Trail Blazers,106,,19460,
2/25/20,10:30p,Sacramento Kings,112,Golden State Warriors,94,,18064,
2/26/20,7:00p,New York Knicks,101,Charlotte Hornets,107,,13152,
2/26/20,7:00p,Philadelphia 76ers,94,Cleveland Cavaliers,108,,16332,
2/26/20,7:00p,Brooklyn Nets,106,Washington Wizards,110,,15021,
2/26/20,7:30p,Orlando Magic,130,Atlanta Hawks,120,,14967,
2/26/20,7:30p,Minnesota Timberwolves,129,Miami Heat,126,,19600,
2/26/20,8:00p,Memphis Grizzlies,112,Houston Rockets,140,,18055,
2/26/20,8:30p,Dallas Mavericks,109,San Antonio Spurs,103,,18354,
2/26/20,9:00p,Los Angeles Clippers,102,Phoenix Suns,92,,15157,
2/26/20,10:30p,Boston Celtics,114,Utah Jazz,103,,18306,
2/27/20,7:00p,New York Knicks,106,Philadelphia 76ers,115,,20175,
2/27/20,8:00p,Portland Trail Blazers,100,Indiana Pacers,106,,16872,
2/27/20,8:00p,Sacramento Kings,108,Oklahoma City Thunder,112,,18203,
2/27/20,10:30p,Los Angeles Lakers,116,Golden State Warriors,86,,18064,
2/28/20,7:00p,Minnesota Timberwolves,125,Orlando Magic,136,,18846,
2/28/20,7:30p,Brooklyn Nets,118,Atlanta Hawks,141,,17034,
2/28/20,7:30p,Charlotte Hornets,99,Toronto Raptors,96,,19800,
2/28/20,8:00p,Sacramento Kings,104,Memphis Grizzlies,101,,17794,
2/28/20,8:00p,Dallas Mavericks,118,Miami Heat,126,,19704,
2/28/20,8:00p,Oklahoma City Thunder,86,Milwaukee Bucks,133,,18412,
2/28/20,8:00p,Cleveland Cavaliers,104,New Orleans Pelicans,116,,18304,
2/28/20,9:00p,Detroit Pistons,113,Phoenix Suns,111,,17142,
2/28/20,9:00p,Washington Wizards,119,Utah Jazz,129,,18306,
2/28/20,10:30p,Denver Nuggets,103,Los Angeles Clippers,132,,19068,
2/29/20,5:00p,Chicago Bulls,115,New York Knicks,125,,19812,
2/29/20,7:30p,Portland Trail Blazers,117,Atlanta Hawks,129,,17765,
2/29/20,7:30p,Brooklyn Nets,113,Miami Heat,116,,19600,
2/29/20,8:00p,Indiana Pacers,113,Cleveland Cavaliers,104,,19432,
2/29/20,8:00p,Los Angeles Lakers,88,Memphis Grizzlies,105,,17794,
2/29/20,8:30p,Houston Rockets,111,Boston Celtics,110,OT,19156,
2/29/20,8:30p,Orlando Magic,113,San Antonio Spurs,114,,18354,
2/29/20,9:00p,Golden State Warriors,115,Phoenix Suns,99,,16395,
3/1/20,1:00p,Milwaukee Bucks,93,Charlotte Hornets,85,,19149,
3/1/20,3:30p,Philadelphia 76ers,130,Los Angeles Clippers,136,,19068,
3/1/20,3:30p,Dallas Mavericks,111,Minnesota Timberwolves,91,,18058,
3/1/20,6:00p,Toronto Raptors,118,Denver Nuggets,133,,19777,
3/1/20,6:00p,Detroit Pistons,100,Sacramento Kings,106,,17499,
3/1/20,8:00p,Los Angeles Lakers,122,New Orleans Pelicans,114,,18547,
3/1/20,8:30p,Washington Wizards,124,Golden State Warriors,110,,18064,
3/2/20,7:00p,Utah Jazz,126,Cleveland Cavaliers,113,,15453,
3/2/20,7:00p,Houston Rockets,123,New York Knicks,125,,18142,
3/2/20,7:00p,Portland Trail Blazers,130,Orlando Magic,107,,18078,
3/2/20,7:30p,Memphis Grizzlies,127,Atlanta Hawks,88,,16207,
3/2/20,7:30p,Milwaukee Bucks,89,Miami Heat,105,,19600,
3/2/20,8:00p,Dallas Mavericks,107,Chicago Bulls,109,,18407,
3/2/20,8:30p,Indiana Pacers,116,San Antonio Spurs,111,,17635,
3/3/20,7:00p,San Antonio Spurs,104,Charlotte Hornets,103,,12008,
3/3/20,7:30p,Brooklyn Nets,129,Boston Celtics,120,OT,19156,
3/3/20,8:00p,Minnesota Timberwolves,139,New Orleans Pelicans,134,,15264,
3/3/20,8:00p,Los Angeles Clippers,109,Oklahoma City Thunder,94,,18203,
3/3/20,9:00p,Golden State Warriors,116,Denver Nuggets,100,,19520,
3/3/20,9:00p,Toronto Raptors,123,Phoenix Suns,114,,15553,
3/3/20,10:00p,Philadelphia 76ers,107,Los Angeles Lakers,120,,18997,
3/3/20,10:00p,Washington Wizards,126,Sacramento Kings,133,,16419,
3/4/20,7:00p,Boston Celtics,112,Cleveland Cavaliers,106,,16897,
3/4/20,7:00p,Oklahoma City Thunder,114,Detroit Pistons,107,,15138,
3/4/20,7:00p,Indiana Pacers,100,Milwaukee Bucks,119,,17695,
3/4/20,7:30p,Memphis Grizzlies,118,Brooklyn Nets,79,,16941,
3/4/20,7:30p,Utah Jazz,112,New York Knicks,104,,16588,
3/4/20,7:30p,Orlando Magic,113,Miami Heat,116,,19600,
3/4/20,8:00p,Chicago Bulls,108,Minnesota Timberwolves,115,,13392,
3/4/20,9:30p,New Orleans Pelicans,123,Dallas Mavericks,127,OT,20459,
3/4/20,10:00p,Washington Wizards,104,Portland Trail Blazers,125,,19393,
3/5/20,7:00p,Denver Nuggets,114,Charlotte Hornets,112,,13311,
3/5/20,8:00p,Los Angeles Clippers,120,Houston Rockets,105,,18055,
3/5/20,10:00p,Philadelphia 76ers,125,Sacramento Kings,108,,15485,
3/5/20,10:30p,Toronto Raptors,121,Golden State Warriors,113,,18064,
3/6/20,7:00p,Atlanta Hawks,112,Washington Wizards,118,,17856,
3/6/20,7:30p,San Antonio Spurs,120,Brooklyn Nets,139,,16277,
3/6/20,7:30p,Oklahoma City Thunder,126,New York Knicks,103,,19499,
3/6/20,8:00p,Indiana Pacers,108,Chicago Bulls,102,,20229,
3/6/20,8:00p,Orlando Magic,132,Minnesota Timberwolves,118,,14315,
3/6/20,8:00p,Miami Heat,104,New Orleans Pelicans,110,,18384,
3/6/20,8:00p,Utah Jazz,99,Boston Celtics,94,,19156,
3/6/20,8:30p,Memphis Grizzlies,96,Dallas Mavericks,121,,20370,
3/6/20,9:00p,Portland Trail Blazers,117,Phoenix Suns,127,,15522,
3/6/20,10:30p,Milwaukee Bucks,103,Los Angeles Lakers,113,,18997,
3/7/20,5:00p,Houston Rockets,99,Charlotte Hornets,108,,19159,
3/7/20,7:00p,Utah Jazz,111,Detroit Pistons,105,,16590,
3/7/20,7:30p,Denver Nuggets,102,Cleveland Cavaliers,104,,19432,
3/7/20,8:00p,Atlanta Hawks,101,Memphis Grizzlies,118,,17117,
3/7/20,8:30p,Philadelphia 76ers,114,Golden State Warriors,118,,18064,
3/7/20,10:00p,Sacramento Kings,123,Portland Trail Blazers,111,,19691,
3/8/20,3:00p,Chicago Bulls,107,Brooklyn Nets,110,,15916,
3/8/20,3:30p,New Orleans Pelicans,120,Minnesota Timberwolves,107,,18978,
3/8/20,3:30p,Los Angeles Lakers,112,Los Angeles Clippers,103,,19068,
3/8/20,6:00p,Oklahoma City Thunder,105,Boston Celtics,104,,19156,
3/8/20,6:00p,Milwaukee Bucks,131,Phoenix Suns,140,,17282,
3/8/20,7:00p,Miami Heat,100,Washington Wizards,89,,18135,
3/8/20,7:00p,Indiana Pacers,112,Dallas Mavericks,109,,20324,
3/8/20,7:00p,Orlando Magic,126,Houston Rockets,106,,18055,
3/8/20,7:30p,Detroit Pistons,84,New York Knicks,96,,18361,
3/8/20,7:30p,San Antonio Spurs,129,Cleveland Cavaliers,132,OT,17995,
3/8/20,9:00p,Toronto Raptors,118,Sacramento Kings,113,,16449,
3/9/20,7:30p,Charlotte Hornets,138,Atlanta Hawks,143,2OT,14399,
3/9/20,9:00p,Milwaukee Bucks,95,Denver Nuggets,109,,19838,
3/9/20,9:00p,Toronto Raptors,101,Utah Jazz,92,,18306,
3/10/20,7:00p,New York Knicks,115,Washington Wizards,122,,15048,
3/10/20,7:00p,Boston Celtics,114,Indiana Pacers,111,,17053,
3/10/20,8:00p,Minnesota Timberwolves,111,Houston Rockets,117,,18055,
3/10/20,8:00p,Dallas Mavericks,109,San Antonio Spurs,119,,18354,
3/10/20,8:00p,Orlando Magic,120,Memphis Grizzlies,115,,15388,
3/10/20,8:00p,Cleveland Cavaliers,103,Chicago Bulls,108,,17837,
3/10/20,10:00p,Phoenix Suns,105,Portland Trail Blazers,121,,19393,
3/10/20,10:30p,Brooklyn Nets,104,Los Angeles Lakers,102,,18997,
3/10/20,10:30p,Los Angeles Clippers,131,Golden State Warriors,107,,18064,
3/11/20,7:00p,Detroit Pistons,106,Philadelphia 76ers,124,,20172,
3/11/20,7:30p,New York Knicks,136,Atlanta Hawks,131,OT,15393,
3/11/20,7:30p,Charlotte Hornets,109,Miami Heat,98,,19600,
3/11/20,8:00p,Denver Nuggets,97,Dallas Mavericks,113,,20302,